Actual_CO,Predicted_CO,Residual
1.3,1.4068029832170645,-0.1068029832170645
0.8,0.8525948529411771,-0.05259485294117705
2.6,2.804322733599601,-0.20432273359960096
3.1,3.057210858753316,0.04278914124668409
1.3,1.6840000000000004,-0.38400000000000034
2.4672413793103445,2.5619673137207606,-0.0947259344104161
1.4,1.2512864789849325,0.1487135210150674
1.8,2.0320511358459883,-0.23205113584598824
1.1,1.4235856750624192,-0.3235856750624191
1.0,1.004647593412364,-0.004647593412363982
1.9,1.749873093286024,0.15012690671397588
1.0,1.2070228939935854,-0.20702289399358542
0.9,1.1504220095149842,-0.25042200951498417
2.2,2.177554533483146,0.022445466516854307
1.9,1.9200961538461547,-0.02009615384615482
1.6,1.3826397886544104,0.2173602113455897
0.6,0.7887572818190333,-0.18875728181903328
0.64421768707483,1.4248063184403852,-0.7805886313655552
1.1,1.4309029511462126,-0.3309029511462125
1.0,0.9853448947192508,0.014655105280749203
0.9,1.3098031193965065,-0.4098031193965065
3.9,4.181716783216777,-0.2817167832167775
5.5,6.127787356321842,-0.6277873563218419
0.5,0.5585343749999993,-0.05853437499999925
4.6,4.068968575901673,0.5310314240983267
2.2,1.8992023066831691,0.30079769331683104
0.4,0.5269794372294371,-0.12697943722943705
2.4,2.057631256580088,0.34236874341991186
2.1,2.7181812092793973,-0.6181812092793972
2.0,2.0378499999999997,-0.03784999999999972
6.2,5.967681154544343,0.23231884545565684
3.0,3.0146988669414663,-0.014698866941466271
1.1,1.3411730912204536,-0.2411730912204535
2.447126436781609,2.4576372519926695,-0.010510815211060454
3.3,3.6590035219091233,-0.35900352190912344
3.5,3.872094736842103,-0.37209473684210304
0.7,0.6445825139146567,0.05541748608534325
4.315625,3.248331461094022,1.067293538905978
6.375,4.526482758620692,1.8485172413793078
2.6499999999999995,2.86094902227781,-0.21094902227781054
3.1,3.082767993285449,0.01723200671455105
1.4,1.7720226830747579,-0.37202268307475794
1.86875,1.9713033452511872,-0.10255334525118731
5.5,4.993196287369239,0.5068037126307612
0.8,0.9702367168913567,-0.17023671689135667
1.4,1.5810096468701118,-0.1810096468701119
1.6,1.8104382307599405,-0.2104382307599404
2.5,2.4236823900808475,0.07631760991915248
2.9,2.808951112604699,0.09104888739530104
1.5,1.5356532627817732,-0.035653262781773165
3.9,3.6348344586447996,0.2651655413552003
0.6,0.6278108843537414,-0.02781088435374146
4.0,3.5742758620689647,0.42572413793103525
3.9,4.396696969696972,-0.4966969696969721
3.1,2.6407931434308085,0.4592068565691916
1.5639455782312923,1.6333741242200486,-0.06942854598875625
0.8,0.8753851006381934,-0.07538510063819337
1.1,1.2043702935264373,-0.10437029352643723
3.7,4.01006346477963,-0.3100634647796294
0.8,0.6554610389610379,0.14453896103896213
2.7,2.6008635746674242,0.09913642533257594
4.1,2.687172640653361,1.4128273593466387
0.8,3.089585533216781,-2.2895855332167807
3.3,2.9657663795816847,0.33423362041831517
0.3,0.42838304504403624,-0.12838304504403625
0.9,0.6314157699443413,0.2685842300556587
2.3,2.2838592609688804,0.016140739031119455
1.5893617021276596,1.549884801761951,0.0394769003657085
0.8,0.7880217885040165,0.011978211495983548
0.8,0.6269999999999996,0.1730000000000005
0.7,0.5049318181818176,0.1950681818181823
0.6,0.7757533953308213,-0.17575339533082135
3.835057471264368,3.560363551965279,0.27469391929908893
1.9,1.5963081466670184,0.30369185333298154
0.8918367346938776,1.2340070006905868,-0.3421702659967092
1.7,1.5139467954078956,0.1860532045921044
3.5,2.86361012091357,0.6363898790864302
2.7379310344827585,3.4696083282378534,-0.7316772937550948
1.7776470588235294,1.628641993783814,0.14900506503971545
2.4,2.1811415497643716,0.21885845023562833
1.9,1.7387229901511,0.1612770098488998
1.1,0.9983942461293966,0.10160575387060344
1.3938144329896909,1.1255662739322525,0.2682481590574384
0.3,0.2818727272727268,0.018127272727273214
1.2,1.226768315018315,-0.026768315018315114
2.7,2.5629942528735636,0.13700574712643654
1.3,1.2389210111070246,0.06107898889297547
0.5,0.5465429808286951,-0.046542980828695124
1.883529411764706,1.3306835857080617,0.5528458260566442
3.2,3.097947636697252,0.10205236330274836
2.6,2.0080352735012346,0.5919647264987655
1.7,1.6746543139062053,0.025345686093794617
4.7,5.186406438389196,-0.4864064383891957
1.0,0.8603799465240648,0.1396200534759352
1.4531914893617022,1.6921063077055016,-0.23891481834379946
5.3,5.692185596013178,-0.39218559601317793
2.1,2.2629500242317913,-0.16295002423179117
2.1,2.0346114195083262,0.06538858049167384
3.6666666666666665,3.134272725550306,0.5323939411163607
0.5,0.6647102008996228,-0.16471020089962285
0.7,0.702628942486085,-0.0026289424860850286
2.5,2.6216074449529185,-0.12160744495291853
1.0,1.2367049062063302,-0.23670490620633022
2.6,2.579054414838034,0.020945585161966207
0.5,1.2430556214404154,-0.7430556214404154
1.7,1.6654560749323397,0.03454392506766024
3.1,2.881272296489429,0.21872770351057103
0.12,0.5687619597878804,-0.44876195978788036
0.1,1.57915535015997,-1.47915535015997
1.4144329896907215,1.3880413351896466,0.026391654501074946
0.4,0.4925379311165027,-0.09253793111650266
1.1,1.0322656574347555,0.06773434256524458
2.7,2.527362855503321,0.172637144496679
1.3,1.662107724120846,-0.3621077241208459
2.970689655172414,3.532123778202292,-0.561434123029878
0.5,0.6017969394130661,-0.10179693941306611
4.1,3.331504657734509,0.7684953422654908
3.0,3.2147115987460815,-0.21471159874608148
2.0,2.1080443192381533,-0.10804431923815327
2.1,2.188885869426138,-0.08888586942613808
6.6,6.263855487697852,0.33614451230214737
1.2232876712328768,1.3707254873135435,-0.14743781608066664
1.8,1.591873725852018,0.20812627414798213
1.6,1.430876366301502,0.16912363369849803
0.4,0.44062575757575734,-0.040625757575757315
0.7,0.5993093582887701,0.10069064171122988
2.5,2.353153014227152,0.14684698577284783
1.1,1.13069303995392,-0.03069303995391981
3.7,3.5765825557905413,0.12341744420945888
3.6,3.564546909427291,0.03545309057270929
1.9,1.8112927406645059,0.08870725933549406
0.9625850340136054,1.1751792196498565,-0.2125941856362511
0.5363636363636364,2.32327740052709,-1.7869137641634538
1.1986301369863015,1.3207057977347219,-0.12207566074842036
1.6,1.824887690437375,-0.2248876904373749
0.5,0.6295299734491694,-0.1295299734491694
1.56,1.5620017783105515,-0.002001778310551483
1.4,1.4176399008453502,-0.017639900845350276
2.2818181818181817,2.2813894722298986,0.000428709588283116
0.2,0.26716893939393893,-0.06716893939393892
0.6,0.6111382498453927,-0.01113824984539269
4.7,4.302224628496498,0.39777537150350195
1.5,1.7501556207038669,-0.2501556207038669
1.1,1.1056062905275759,-0.005606290527575775
4.3,3.4645000000000032,0.8354999999999966
2.4,2.546788214976512,-0.14678821497651207
1.2,1.055016239141604,0.14498376085839593
2.4,2.339831880448321,0.06016811955167878
0.6418181818181818,0.4602000000000002,0.18161818181818162
0.7,0.5939736530976026,0.10602634690239732
2.1,2.096243869291148,0.003756130708852279
1.0,1.0309999999999997,-0.030999999999999694
1.4,1.563694055944056,-0.16369405594405606
0.8,1.5346538461538457,-0.7346538461538457
3.4,3.4627786351579424,-0.06277863515794246
2.5,2.333236359137637,0.16676364086236317
3.38125,2.9917480566183356,0.38950194338166444
1.270103092783505,2.007125278754812,-0.7370221859713069
1.1,0.9385874306106271,0.16141256938937298
0.91875,0.7286947162956087,0.1900552837043913
5.4111888111888105,5.110753063208336,0.30043574798047423
0.8,1.0770657374637762,-0.27706573746377616
2.6,2.3682682594512947,0.23173174054870538
2.5515625,1.576935063977978,0.9746274360220222
4.3,4.291174574952677,0.008825425047322533
0.3,0.9477972566596806,-0.6477972566596806
0.2,0.5867176470588231,-0.3867176470588231
3.5,3.106004963457592,0.3939950365424081
0.8,1.45507537577365,-0.65507537577365
0.7,0.6714186920222618,0.02858130797773817
1.2,1.3582347805068822,-0.15823478050688222
1.0,1.1345043290043295,-0.13450432900432951
0.6,1.3174853291038857,-0.7174853291038857
1.1,0.9622990724180402,0.13770092758195984
2.8,2.790043550531913,0.009956449468086603
0.9,0.7771332720588238,0.12286672794117626
4.5,4.6138398113380905,-0.11383981133809051
1.6,1.9628179949087772,-0.3628179949087771
1.8,1.6570642532730313,0.14293574672696874
4.7,4.995394542239373,-0.29539454223937245
1.9,1.746470286929566,0.15352971307043384
4.7,4.465999999999997,0.23400000000000354
1.0,1.3899608709304594,-0.3899608709304594
0.4,0.5618790984107725,-0.16187909841077253
2.4,2.684999999999998,-0.2849999999999979
0.3,1.136440554446539,-0.836440554446539
2.2,2.11701594677036,0.08298405322963998
5.9,4.178,1.7220000000000004
1.1,0.9068204127105391,0.19317958728946094
2.1,1.9732082228116703,0.1267917771883298
1.9,1.638267241379309,0.261732758620691
2.2,2.438912987012987,-0.2389129870129869
1.5,1.4908788870703764,0.009121112929623587
0.9,0.9612499998855395,-0.061249999885539474
3.0,2.8739999999999988,0.12600000000000122
4.9,4.168356321839081,0.7316436781609195
2.609090909090909,1.628687930564505,0.9804029785264039
3.1,2.3912068018188704,0.7087931981811297
2.5,2.295012489050359,0.20498751094964085
2.7,2.6168393602427695,0.08316063975723065
3.2,3.154858456248761,0.045141543751239244
4.0,3.679098600169393,0.32090139983060695
5.5,3.8462758620689663,1.6537241379310337
0.7,0.7153757944436514,-0.015375794443651447
0.4,0.39126345373376564,0.00873654626623438
2.8,2.4408665911108556,0.35913340888914425
3.9,3.864295977011492,0.035704022988507944
1.9,1.7836855640668217,0.11631443593317825
0.35,0.4550229166666667,-0.10502291666666674
1.9,1.9382593220945017,-0.03825932209450178
2.308219178082192,1.714471475265289,0.5937477028169029
1.8,2.0871370098837083,-0.28713700988370827
0.6,0.6282544955044951,-0.028254495504495103
2.7,2.426901037468283,0.27309896253171706
2.3,2.0560650796300757,0.24393492036992415
1.6,1.4660910869920816,0.13390891300791852
1.0,1.0079887680464032,-0.00798876804640325
1.2,1.4304912040340618,-0.23049120403406187
0.9,1.0912079490202067,-0.19120794902020666
5.0,4.208108118892604,0.7918918811073956
1.0,0.8865512255785448,0.11344877442145518
1.3,1.2182521346614354,0.0817478653385646
1.5,1.5649833238765358,-0.06498332387653583
4.6,4.004905101804199,0.5950948981958009
3.5,3.4212173587890238,0.07878264121097622
0.3,0.8612336181330327,-0.5612336181330326
1.5,1.4151030659247688,0.08489693407523125
2.1,2.123289401075115,-0.023289401075115013
2.4,2.395440706464258,0.004559293535741915
1.7,1.9602535592946821,-0.2602535592946822
9.5,8.895989795918391,0.6040102040816091
0.7,0.776272930194806,-0.07627293019480608
1.793877551020408,1.5121659693791512,0.28171158164125676
2.0,1.6662871512300967,0.33371284876990326
1.3,1.3752136170040081,-0.07521361700400808
0.4,0.4416130681818183,-0.04161306818181826
2.7,2.7859056747849835,-0.08590567478498334
1.0,1.0176928977272721,-0.017692897727272117
2.1,2.0988677216627063,0.0011322783372937906
1.05,1.073426135908909,-0.023426135908908963
2.4,2.336803619765705,0.06319638023429475
2.5,2.4359263589542253,0.06407364104577473
0.2363636363636364,0.22732121212121187,0.009042424242424518
1.9,2.145046149672355,-0.24504614967235527
0.8,1.269410288165443,-0.46941028816544295
3.4,3.96512893057015,-0.5651289305701499
4.187272727272728,2.298765035527336,1.8885076917453922
1.2721088435374148,1.0158411796194848,0.25626766391793
1.2,1.2582134207081985,-0.05821342070819857
2.6,2.485527786194873,0.11447221380512707
2.5,2.294557483041737,0.205442516958263
0.6,0.42156212121212117,0.1784378787878788
1.2,1.1104719376503709,0.08952806234962907
1.702873563218391,1.7292681253409072,-0.02639456212251634
2.845,2.979144476100664,-0.13414447610066382
1.2,1.5661022457786304,-0.3661022457786305
0.6,0.589992424242424,0.010007575757575937
0.8,0.7694105965463106,0.030589403453689434
2.5,2.1209825104685573,0.37901748953144265
3.1,3.013148693411854,0.08685130658814622
2.3,2.41625,-0.11624999999999996
3.2,2.7823336794938007,0.41766632050619945
5.5,3.9915259332241333,1.5084740667758667
6.15,3.473588935776868,2.6764110642231325
2.2,1.8695473980042951,0.33045260199570503
6.6,6.537816200466201,0.06218379953379838
0.9,0.8642487215909093,0.03575127840909076
3.2,3.4682500000000043,-0.2682500000000041
4.5,4.521195551000725,-0.021195551000724677
5.0,4.9437558501125345,0.05624414988746551
2.9,2.7044826473501753,0.19551735264982462
2.3328767123287677,2.199420379409011,0.1334563329197569
2.1,1.988215810873744,0.1117841891262561
4.6,4.586008406092164,0.013991593907835664
1.0,0.8910078700798506,0.1089921299201494
0.7,0.7208892515184554,-0.020889251518455443
2.2,2.324667588603694,-0.12466758860369387
0.6,0.6411375695732837,-0.04113756957328374
2.4,2.2607807928422154,0.13921920715778446
0.6,0.6500000000000001,-0.050000000000000155
4.6,3.8595862068965503,0.7404137931034493
1.0,0.9307438852829434,0.06925611471705662
1.5,1.2695996289728537,0.23040037102714628
1.9,1.9676179949736181,-0.0676179949736182
1.3,1.3041675959043408,-0.004167595904340793
1.5,1.5405139287037184,-0.040513928703718394
4.1,3.916788620245001,0.18321137975499857
3.2,2.9787088426833552,0.22129115731664495
3.4,3.605935167859645,-0.20593516785964505
2.7,3.1664852914814032,-0.46648529148140305
3.3,3.4107386363636363,-0.11073863636363646
2.3,2.794659810089335,-0.49465981008933513
0.9,0.9604107809998217,-0.06041078099982167
2.2,2.2059999999999977,-0.005999999999997563
1.4,1.6141996541790442,-0.2141996541790443
2.0,2.4471853146853153,-0.4471853146853153
0.2,0.24788484848484874,-0.047884848484848724
0.5,0.5897745914930913,-0.0897745914930913
8.4,7.055006591110039,1.3449934088899616
2.0,2.0975414845517344,-0.09754148455173439
1.5,1.4631075573910621,0.03689244260893787
1.6,2.3179999999999983,-0.7179999999999982
5.6,5.6788390804597775,-0.07883908045977783
1.9,2.1017070547592756,-0.20170705475927564
1.88,1.527964852330154,0.3520351476698458
3.4,3.640804597701146,-0.24080459770114615
2.2,2.026973430592395,0.1730265694076052
2.3,2.270284893374784,0.029715106625215704
0.3181818181818182,0.7850415374182053,-0.4668597192363871
3.0103448275862066,2.960544314103742,0.04980051348246439
3.2,3.1215841916704026,0.0784158083295976
2.2,1.794844406920252,0.40515559307974813
3.0,3.1019259453228556,-0.1019259453228556
4.2,3.995273992972857,0.20472600702714328
1.5,1.3412603092783504,0.15873969072164962
1.4,1.9948076923076916,-0.5948076923076917
2.1,2.0410659920918293,0.05893400790817083
2.1949999999999994,2.038071726642898,0.15692827335710158
5.6,5.218732782232131,0.38126721776786887
3.1,2.8378339892148072,0.26216601078519286
0.5,2.456811080671906,-1.9568110806719061
3.8,3.4812808879866934,0.3187191120133064
1.0,0.8865680272108842,0.11343197278911576
0.8,0.6630188172652087,0.13698118273479132
1.1,1.1168542455026838,-0.016854245502683662
1.8,1.9663413924187676,-0.16634139241876755
1.0,1.147994957684194,-0.1479949576841939
2.3,2.0296503069098666,0.27034969309013324
4.0,4.239096335955711,-0.23909633595571123
1.4361702127659577,2.5080129264895312,-1.0718427137235735
1.4,1.3882980900221236,0.011701909977876346
0.6,1.2168815548176053,-0.6168815548176053
3.5,3.2089431306038474,0.2910568693961526
1.2,1.2441903565536339,-0.0441903565536339
1.2897959183673469,1.2716490888337981,0.018146829533548736
2.8,2.7832327586206933,0.01676724137930652
1.2,1.5121032396074852,-0.3121032396074852
1.4,1.4827213812684057,-0.08272138126840578
2.9,2.9865565787101294,-0.08655657871012945
1.5,2.8911781609195426,-1.3911781609195426
1.2,0.9953212652793344,0.20467873472066556
0.3,0.3255401515151508,-0.025540151515150822
0.7,0.8546122130102044,-0.15461221301020445
1.5,1.760858211817542,-0.260858211817542
0.8,1.7161060078964374,-0.9161060078964374
0.8,0.7193501082251079,0.08064989177489212
1.5,1.4091392075033462,0.0908607924966538
1.7,1.5243112325818504,0.17568876741814954
2.3,2.140059302304885,0.15994069769511476
3.6,3.377272619133444,0.22272738086655597
0.8,1.6099534327874856,-0.8099534327874855
1.5,1.6480827320776918,-0.14808273207769185
3.4,3.3464102859469302,0.05358971405306967
2.0,2.196465034364261,-0.1964650343642611
6.0,5.854833333333331,0.1451666666666691
2.5,2.6523584975369494,-0.1523584975369494
2.45,1.6417028306946313,0.8082971693053689
2.3,4.0339835423197545,-1.7339835423197547
1.6789115646258503,1.591282078049929,0.08762948657592129
5.9,5.547431034482747,0.3525689655172535
3.6,3.6516860380998297,-0.051686038099829634
2.2,1.9805694634926871,0.21943053650731303
1.76,1.995865040994431,-0.23586504099443095
1.5,1.3746092826303933,0.12539071736960672
1.9,1.856881408579307,0.04311859142069285
2.2,2.507364902339037,-0.307364902339037
3.1,3.1162745759987143,-0.01627457599871418
2.3,2.667819055944056,-0.3678190559440564
1.2,1.1973018205746861,0.002698179425313807
2.9,2.855485295683361,0.04451470431663873
0.3423076923076923,1.002904837430609,-0.6605971451229168
2.9,2.4191847721244257,0.4808152278755742
1.4,1.435137362637364,-0.03513736263736411
3.9,3.495369524154007,0.4046304758459929
1.6,1.4523189381204613,0.14768106187953878
3.6,3.620425997038467,-0.020425997038466814
1.7,1.656341990483742,0.04365800951625798
1.1,0.8760668069516112,0.22393319304838888
1.096875,1.2426105689754117,-0.14573556897541162
0.3,1.007652929625028,-0.707652929625028
1.9,2.1333547709400422,-0.2333547709400423
1.5,1.3396288858049175,0.16037111419508254
1.6,1.596888687300541,0.003111312699459079
0.9,0.9666212223140045,-0.06662122231400447
1.5,1.903726359190891,-0.40372635919089106
2.9944055944055945,2.5797952076861694,0.4146103867194251
1.5,1.5901207587932495,-0.09012075879324954
2.4,2.2020200237906424,0.19797997620935748
2.3,2.3997985206670345,-0.09979852066703465
0.5,0.56035625,-0.06035625
0.6,0.5244170657467528,0.07558293425324714
3.4105263157894736,3.3075718924972075,0.10295442329226612
1.5,1.4632009215602781,0.036799078439721855
1.2,1.6864407233939736,-0.4864407233939736
2.9,2.7976428571428578,0.10235714285714215
1.8,1.524518626887983,0.27548137311201715
0.4818181818181818,1.1620502460073154,-0.6802320641891336
2.3,2.4322552583244446,-0.13225525832444474
1.334013605442177,1.4348588622250538,-0.10084525678287681
1.3072164948453608,1.1931739826237344,0.11404251222162642
2.6,2.6453113257876146,-0.04531132578761454
1.4,1.5639417691214426,-0.16394176912144265
3.8,3.695268390804597,0.1047316091954027
1.7,1.9560786648373791,-0.2560786648373792
2.3,1.8940902508935193,0.4059097491064805
1.2,1.1811198384210477,0.018880161578952226
1.9,2.0209908414496947,-0.12099084144969474
2.0,2.067464155264379,-0.06746415526437888
1.7,1.7579751140887296,-0.057975114088729685
4.4,4.4235000000000015,-0.023500000000001187
2.0,2.092311915144773,-0.09231191514477288
1.0,0.9297006741301759,0.07029932586982413
1.8,1.8026725782153301,-0.002672578215330068
1.3,1.5759557890563047,-0.2759557890563047
1.245578231292517,0.9282086022251367,0.3173696290673803
4.2,3.6427499999999977,0.5572500000000025
4.9,4.683647295233507,0.2163527047664937
0.9,1.0599236148880469,-0.15992361488804685
1.7035294117647055,1.370961693718584,0.3325677180461215
2.30632183908046,3.507569285131708,-1.2012474460512483
4.8,3.7199510489510477,1.0800489510489522
2.4,2.7227474539836174,-0.3227474539836175
1.4,1.7906820435806445,-0.3906820435806446
2.3,2.452897900218188,-0.15289790021818828
3.1,2.8435980266290715,0.2564019733709286
1.0,1.0469999999999993,-0.046999999999999265
1.6,1.5379585692079933,0.062041430792006746
1.2,1.3549144566566111,-0.1549144566566112
1.2,1.1824035772021415,0.017596422797858446
1.595876288659794,1.4238526962728,0.17202359238699394
4.561538461538461,4.33334457248929,0.22819388904917126
3.1,2.5746534603659317,0.5253465396340684
2.5794520547945203,2.1357553995852028,0.44369665520931756
3.4,3.0021366191279997,0.39786338087200024
0.8,0.9292405546325005,-0.1292405546325005
1.3,1.3532251253248457,-0.05322512532484569
1.7,1.6436872391007684,0.05631276089923154
2.7,2.8523308863045993,-0.15233088630459912
0.9,1.0406927823959828,-0.14069278239598282
1.8,1.7816145678925113,0.018385432107488775
2.5,2.383468025394643,0.11653197460535702
1.5,1.4834058020094707,0.016594197990529302
0.6,0.6475666666666653,-0.047566666666665314
2.6,2.7333645177670123,-0.1333645177670122
1.1,1.303195631215942,-0.20319563121594197
1.5,1.641523072300092,-0.14152307230009198
1.7,0.9810750126162503,0.7189249873837497
2.2,2.03179240786764,0.16820759213236025
1.2,1.255402316700342,-0.055402316700342125
1.6,1.6024744716383241,-0.0024744716383240384
1.7,1.687366647610226,0.012633352389773922
0.45,0.4643068181818186,-0.014306818181818615
2.587931034482758,2.615338819413801,-0.02740778493104301
0.5,0.5987759489022877,-0.09877594890228769
3.4,2.939228129602357,0.4607718703976431
1.7,1.6306637566426945,0.06933624335730548
2.2,2.0072500000000018,0.19274999999999842
7.5,6.027365810374964,1.472634189625036
1.0,0.9534921041917738,0.04650789580822623
1.8,1.972626821200048,-0.1726268212000479
0.3,0.8888595130665906,-0.5888595130665906
5.4,4.391000000000002,1.0089999999999986
1.8,1.7455159799517495,0.05448402004825059
0.5,0.38134999999999936,0.11865000000000064
1.8,1.899423044066966,-0.0994230440669659
1.4,1.3416024737167604,0.058397526283239465
1.0,0.991974176309689,0.008025823690311018
3.4,3.4753233936081784,-0.07532339360817852
1.8,2.0530519825535274,-0.25305198255352734
1.9,1.9856337748871076,-0.08563377488710766
1.0,1.1554239618450133,-0.15542396184501328
3.9,3.7695945979452095,0.13040540205479045
7.6,6.432076447362164,1.167923552637836
0.6,0.5997517316017316,0.0002482683982684142
0.75,0.7650792840431627,-0.015079284043162722
1.9,1.9780316091954,-0.07803160919540009
1.7293103448275864,1.697533801791337,0.03177654303624933
1.7,1.5593095435514628,0.14069045644853717
0.34,0.7768474821570176,-0.4368474821570176
5.9,5.90706738817746,-0.007067388177459222
0.5,0.5031384353741492,-0.003138435374149151
0.6795918367346938,1.258707974781335,-0.5791161380466412
3.0,2.6596856678396,0.34031433216039986
1.9,1.9024610277355631,-0.002461027735563226
6.2,5.613350724116051,0.586649275883949
4.5,3.882025488304799,0.6179745116952011
1.9,1.674378001544147,0.22562199845585296
3.8,3.631500000000002,0.16849999999999765
2.3,2.3208243818037606,-0.020824381803760783
3.1,3.032071018062402,0.06792898193759811
0.8,0.904349101027398,-0.10434910102739792
0.5,0.44568300640789255,0.054316993592107454
1.2,1.426050448737852,-0.22605044873785207
1.8,1.729416336286862,0.07058366371313807
1.4,1.4246479476471974,-0.024647947647197466
7.7,7.075106382123629,0.6248936178763715
1.2907216494845362,1.2726135830173757,0.018108066467160455
0.7,0.7440071950371053,-0.04400719503710537
0.8,0.5491529684601114,0.25084703153988863
1.39375,1.9799443884415973,-0.5861943884415972
0.5285714285714286,2.3195154728828995,-1.790944044311471
1.7458823529411764,1.4886921935274733,0.25719015941370316
1.6,1.3374841285759334,0.26251587142406674
0.8,0.7395144805750756,0.06048551942492442
1.3,1.5576706854901068,-0.25767068549010674
5.6,5.121735968666844,0.47826403133315587
4.639655172413793,4.993206313801136,-0.3535511413873431
4.1,3.888729844867776,0.2112701551322238
0.9,1.076027815102536,-0.17602781510253596
2.3,2.6558571428571423,-0.35585714285714243
1.7,1.8243606535046448,-0.12436065350464487
1.2,1.0236485384191045,0.17635146158089543
1.8,1.8383690443295309,-0.03836904432953081
2.0,2.397167484526968,-0.39716748452696793
0.4,0.6565811099003735,-0.2565811099003735
3.9,4.512083333333328,-0.6120833333333278
2.3,2.4795123545178264,-0.17951235451782654
0.8,0.9394981012291282,-0.1394981012291282
3.1,3.1835844672908786,-0.08358446729087854
3.4,3.647651340432105,-0.24765134043210502
0.8,0.5608344155844157,0.23916558441558433
0.7,0.72244325912183,-0.022443259121830095
0.6,0.3955562499999996,0.20444375000000037
1.3,1.2251281450508251,0.07487185494917492
2.0863013698630137,1.7434745534617135,0.3428268164013002
2.2,2.5039763922151455,-0.3039763922151453
1.2,1.303408521930333,-0.10340852193033312
2.5,1.6720664335664324,0.8279335664335676
1.4,1.8504157444796112,-0.4504157444796113
1.6,1.6761694151700057,-0.07616941517000564
0.7,0.9710069538444592,-0.2710069538444593
1.5,1.3076155324127923,0.19238446758720773
8.7,7.824000000000002,0.8759999999999977
2.6,2.603627849387249,-0.003627849387248805
2.3,2.2741196926664444,0.025880307333555397
0.7,0.6367587107570292,0.06324128924297079
1.86,1.700771195865421,0.15922880413457907
1.2,1.2348677623984703,-0.03486776239847034
4.3,3.4217089486114687,0.8782910513885311
2.0,1.9827162925185546,0.017283707481445365
1.8,1.8286076845162014,-0.028607684516201326
2.4,2.4304499999999982,-0.030449999999998312
1.4,1.347241130015207,0.052758869984792955
2.6,2.6435515521770094,-0.043551552177009345
2.5,2.580502873563219,-0.08050287356321917
1.8,1.7651084858309765,0.034891514169023585
4.3,3.7589793459928473,0.5410206540071525
1.3,1.322486234972513,-0.02248623497251301
3.1,2.805247967508689,0.2947520324913109
1.7,1.901965517241377,-0.201965517241377
2.0,1.8426789662742675,0.15732103372573247
3.503125,3.2749985131380726,0.22812648686192727
0.9,0.9606629502091635,-0.06066295020916346
0.5,0.605126087878333,-0.105126087878333
0.6,0.8259183158677547,-0.22591831586775468
4.5,4.660108494361424,-0.16010849436142394
0.8,2.689653560232871,-1.889653560232871
2.3,2.309201410658304,-0.009201410658304265
4.486013986013986,4.132304844473321,0.3537091415406648
1.3,1.2692893200119417,0.03071067998805832
0.9006802721088436,2.0033569005480825,-1.1026766284392389
1.6,1.5248909595559068,0.07510904044409328
1.8,1.5473592060181798,0.25264079398182027
2.1356164383561644,2.2859920421788216,-0.15037560382265713
1.9,2.120735244868225,-0.22073524486822516
1.4,1.681551862488456,-0.2815518624884561
2.3,2.424657541206165,-0.12465754120616523
2.5,2.667064678482611,-0.16706467848261086
1.9,2.1272928093669123,-0.22729280936691243
3.1,3.311299991962059,-0.21129999196205906
0.65,0.6209920280612243,0.02900797193877569
3.4,3.442289473684212,-0.0422894736842121
4.013986013986014,3.5597493133508546,0.45423670063515953
2.2,2.340596927940031,-0.14059692794003098
3.0,2.4091468411760038,0.5908531588239962
0.9,1.341298969072165,-0.44129896907216504
0.6,1.2130016715777217,-0.6130016715777217
1.3,1.338732144347019,-0.03873214434701899
5.9,4.964728272445947,0.9352717275540536
1.9,1.7250747335172947,0.17492526648270523
0.35,0.47751134817563373,-0.12751134817563375
1.2,1.2595941867656164,-0.05959418676561645
2.6,2.449289227975633,0.15071077202436722
1.4,1.2235825171317674,0.17641748286823256
1.0,0.8302314685314685,0.16976853146853155
0.8,0.9507985926757081,-0.15079859267570805
1.7,1.8294839824429794,-0.12948398244297943
3.663157894736842,3.6058437717670766,0.057314122969765346
1.236734693877551,0.9680458766780375,0.26868881719951343
2.4,2.383624871567147,0.016375128432852826
2.6,2.623431174808689,-0.023431174808688837
2.5563636363636366,1.5809741090691858,0.9753895272944508
3.0,2.6753367962246837,0.3246632037753163
1.8,1.9808416134582516,-0.18084161345825156
2.1,1.560880722370413,0.539119277629587
1.9,1.95839175257732,-0.0583917525773201
3.0908045977011493,3.0251939880895367,0.06561060961161269
0.9,1.0017782687550327,-0.10177826875503271
2.4,2.3392488861008482,0.060751113899151665
4.9,4.3714999999999975,0.5285000000000029
3.4,2.901265696839081,0.4987343031609188
1.0375,1.2521286750436853,-0.2146286750436852
6.6,6.5197528735632195,0.08024712643678011
2.7,3.0099194736365598,-0.3099194736365596
0.9,1.0760895260292238,-0.1760895260292238
0.7,0.7609735779684226,-0.06097357796842262
0.3961538461538462,1.7601398601398583,-1.363986013986012
1.4,1.431994845360825,-0.0319948453608252
0.4,0.49002272727272733,-0.09002272727272731
3.3,3.353879829940175,-0.05387982994017504
3.4,2.902862163501747,0.4971378364982528
2.0,1.8935311538916997,0.10646884610830032
1.5,2.0612334167791997,-0.5612334167791997
3.8090909090909086,3.7077770476649747,0.1013138614259339
1.3,1.4349072164948464,-0.13490721649484638
1.0,1.0214472338367169,-0.021447233836716872
2.9,3.2124999999999995,-0.31249999999999956
1.6,1.3765652624718578,0.22343473752814225
5.354545454545455,5.0508371985463265,0.3037082559991289
1.3,1.2528376686166371,0.0471623313833629
0.7,0.6573236867943051,0.04267631320569487
1.7,1.7712519235946713,-0.07125192359467136
4.8,4.6398028229160015,0.16019717708399828
1.204123711340206,1.2003743349105378,0.0037493764296681054
1.6,1.6982951030927849,-0.09829510309278477
4.6,4.1558233777716564,0.4441766222283432
4.8,4.376530544538644,0.4234694554613556
4.096551724137931,4.34014695362109,-0.2435952294831596
1.9,2.0190182164532837,-0.11901821645328381
1.0,1.1479156580532877,-0.14791565805328766
3.5,2.9825662127252843,0.5174337872747157
0.8210884353741497,0.6296241496598649,0.19146428571428475
2.2,1.5185948678990133,0.6814051321009869
2.9,3.073523849018569,-0.1735238490185691
1.8,1.793729772122824,0.006270227877176016
0.2,0.37443807670207563,-0.17443807670207562
2.0,1.867257912190903,0.13274208780909702
6.1,5.854430029740378,0.24556997025962168
2.1,2.1341939786300155,-0.03419397863001539
2.6,2.570987582627113,0.029012417372887178
2.3,2.1199999999999983,0.1800000000000015
3.9,3.661503005233448,0.23849699476655184
2.5,2.4738868834622814,0.02611311653771864
3.4,3.72174833614661,-0.32174833614661
1.4,1.4944475953395058,-0.09444759533950586
3.4,2.974951583504213,0.42504841649578706
2.6,2.1330190943262983,0.46698090567370176
2.4,3.1975587372397705,-0.7975587372397706
0.8,1.2376178689649904,-0.43761786896499033
1.1,1.2328721148492003,-0.13287211484920025
0.1,0.9276714583398613,-0.8276714583398613
2.0,2.0335012690426577,-0.03350126904265771
0.7730769230769231,1.7492115384615388,-0.9761346153846157
1.0,1.189343571664983,-0.18934357166498295
4.8,4.222160199298585,0.5778398007014145
3.9,3.839336994999053,0.06066300500094712
4.3,4.27009601720119,0.02990398279880946
6.1,5.253050397877982,0.8469496021220175
2.0,2.1289681466744934,-0.1289681466744934
2.7,2.625985781850705,0.0740142181492951
3.825174825174825,2.8150367788461548,1.0101380463286702
3.4,3.614058351997018,-0.21405835199701828
2.2,2.17588684719536,0.024113152804640325
2.8,2.999624369001067,-0.19962436900106706
3.7747126436781606,5.202319146370879,-1.4276065026927185
1.6,1.6468613383578607,-0.04686133835786066
1.5,1.639120014219696,-0.139120014219696
0.8,1.810522900445519,-1.010522900445519
2.2,2.633133788984007,-0.4331337889840068
3.7,3.4874148858660146,0.21258511413398562
4.8,4.548254458674014,0.2517455413259855
4.6,4.156603478194508,0.44339652180549205
1.3,1.197516963223632,0.10248303677636805
1.6,1.6299893513452839,-0.0299893513452838
2.8,2.4548846153846178,0.34511538461538205
8.0,8.208096736596762,-0.20809673659676164
3.9,4.226941707717571,-0.3269417077175709
0.8,1.0566616097274315,-0.25666160972743146
3.9,3.7405359195402292,0.15946408045977067
1.3,1.6167722513373084,-0.31677225133730835
1.6,1.675372638967859,-0.07537263896785884
0.2,1.1367997620935761,-0.9367997620935762
1.9,2.2886455767908194,-0.38864557679081946
2.0,2.056978420761639,-0.05697842076163884
1.2,1.5174832907509208,-0.31748329075092085
1.8623529411764703,1.4179169658585735,0.4444359753178968
1.3,1.2473797496957253,0.05262025030427475
4.4,4.353533002151911,0.046466997848089164
1.0,1.0559742268041237,-0.05597422680412367
2.55,2.4425421459080683,0.10745785409193154
6.7,5.5464324925119195,1.1535675074880807
2.2,1.9809425665924008,0.21905743340759942
0.4,0.4607040584415589,-0.06070405844155885
1.5,1.4614700452939584,0.03852995470604159
1.2,0.9156943895083807,0.2843056104916193
1.6,1.6074304123711338,-0.007430412371133732
5.6,5.373101188543599,0.226898811456401
1.2,2.4960906880475857,-1.2960906880475858
1.5816326530612244,1.5032767907847566,0.07835586227646774
1.1,0.9266815493585453,0.1733184506414548
0.9,1.151787062937062,-0.2517870629370619
1.5,1.887641608391608,-0.3876416083916081
0.7,0.7904449850394706,-0.09044498503947063
1.3,2.0963005175777885,-0.7963005175777884
4.9,4.690516734989153,0.20948326501084757
1.0,0.8216326704545461,0.17836732954545387
5.486713286713286,4.730571477373198,0.7561418093400878
4.6,3.592966257850457,1.0070337421495426
1.1,1.1941482803713095,-0.0941482803713094
1.1,0.7834676870748298,0.31653231292517026
1.5,1.134433314844214,0.36556668515578594
4.7,4.809498275862065,-0.10949827586206506
0.4,0.5592542468692019,-0.15925424686920187
0.5,1.3006302141157808,-0.8006302141157808
4.1,4.214598589341693,-0.11459858934169365
0.8,0.4374088744588745,0.36259112554112555
4.41048951048951,3.824438926393289,0.5860505840962213
1.4,1.4946127091683497,-0.09461270916834974
2.9,1.6684093149414856,1.2315906850585143
1.421818181818182,1.1301410361361617,0.2916771456820204
1.3,1.2876045627647403,0.01239543723525971
0.6,0.5018125391849525,0.09818746081504748
6.1,6.439471063419337,-0.33947106341933697
0.6,0.9837686224726441,-0.3837686224726441
1.5,1.4175490723175164,0.08245092768248363
5.5,5.242358572462021,0.2576414275379788
1.2,1.3220667932513919,-0.12206679325139191
0.3,1.000699785567842,-0.7006997855678418
2.2,2.133653710514096,0.06634628948590438
1.7632183908045975,2.2643495444102126,-0.5011311536056151
2.769090909090909,2.260524892455446,0.5085660166354629
0.8,0.6883957022359077,0.11160429776409231
0.1666666666666666,0.25221060606060575,-0.08554393939393914
4.0,3.0639642132696063,0.9360357867303937
1.4,1.3937496034892947,0.006250396510705247
0.6,0.6464653406817269,-0.04646534068172692
2.5,2.0779590290151986,0.4220409709848014
0.4,0.47332337662337615,-0.07332337662337612
1.5,1.765009725848594,-0.26500972584859395
1.6,1.6331346153846145,-0.033134615384614374
0.6499999999999999,0.5861780980574038,0.06382190194259607
1.1,1.4201800718093418,-0.3201800718093417
1.1,1.0851496505245288,0.014850349475471258
4.731468531468531,4.484474252758736,0.24699427870979473
2.3,2.2472028680173075,0.052797131982692314
1.1246575342465754,0.8071760676873491,0.3174814665592264
2.0,2.2722552890080276,-0.27225528900802765
2.0,2.074304968150172,-0.07430496815017218
3.4,3.245545413099833,0.154454586900167
3.1,3.4123881595416066,-0.3123881595416065
1.4,1.4875682784387751,-0.08756827843877524
3.761818181818183,2.15417228134277,1.6076459004754131
2.5,2.2433859917981382,0.25661400820186175
2.7,2.877516816152357,-0.17751681615235704
3.2,2.8674758459930882,0.33252415400691193
1.1,1.1054621476461683,-0.005462147646168258
1.0,0.8966630401390004,0.10333695986099956
0.2,0.2611499999999998,-0.061149999999999816
0.6,1.0257468925934046,-0.4257468925934046
0.8,1.3915053899276102,-0.5915053899276101
1.2,1.4748269835918464,-0.27482698359184643
7.3,6.821527168234059,0.4784728317659406
1.5,1.6761247080726493,-0.17612470807264935
4.5,4.411551543284307,0.08844845671569335
1.9,1.978916512059372,-0.078916512059372
2.2,2.6333391608391628,-0.4333391608391626
2.7,2.697707582745234,0.0022924172547660326
0.4,0.5767358969155848,-0.17673589691558478
0.7,0.8784900742115025,-0.17849007421150254
1.5,1.4643006686103768,0.03569933138962322
0.7,0.8903417064318327,-0.1903417064318328
1.35,1.5453286503628905,-0.19532865036289038
1.6,1.918709269787643,-0.3187092697876428
1.5,1.5635279708596783,-0.06352797085967832
2.8,3.014352011494252,-0.2143520114942521
0.8,1.1875090743115442,-0.38750907431154413
1.8,1.783070709691101,0.016929290308899114
1.0,1.0663924889543441,-0.06639248895434413
2.3,2.18831298902669,0.11168701097330969
2.4,1.9900283451565561,0.4099716548434438
1.6749999999999998,2.4159631255743936,-0.7409631255743938
1.3,1.2487182714972715,0.051281728502728496
1.1,1.3399885743893811,-0.23998857438938104
2.2,2.013403579019075,0.186596420980925
1.3,1.4139655885649711,-0.11396558856497108
2.889655172413793,2.8524349940792693,0.037220178334523624
6.2,5.514954403857635,0.6850455961423654
0.4,0.8520808322192509,-0.4520808322192509
2.9,2.3273086870026543,0.5726913129973457
1.1,1.1280266188156474,-0.028026618815647275
2.3,2.3635598049800963,-0.0635598049800965
1.1,1.2401428250043123,-0.1401428250043122
2.3,1.904297251623648,0.3957027483763518
1.92,1.67923103196672,0.24076896803327985
1.5,1.7495461538461528,-0.24954615384615275
0.7,1.0572393946607845,-0.3572393946607846
1.6,1.6765189247837426,-0.07651892478374256
5.0,4.35897031444678,0.64102968555322
0.7,1.2934826051954909,-0.5934826051954909
2.3,1.9535878799414654,0.3464121200585344
2.4,2.5090339847813268,-0.10903398478132686
4.6,4.571339761152088,0.02866023884791158
3.8,4.022000000000005,-0.22200000000000486
1.6,1.3663579284807943,0.2336420715192058
1.5,1.3036727692854606,0.1963272307145394
0.6,0.5735395900599438,0.026460409940056162
2.7,2.139349137931034,0.5606508620689663
1.8,1.7296756886398157,0.07032431136018436
3.1,2.908327586206897,0.19167241379310296
1.4,1.461535900178876,-0.061535900178876
1.4,2.3646515450574253,-0.9646515450574253
0.6,0.4400363636363641,0.15996363636363586
4.5,4.116534538860154,0.3834654611398456
2.9,2.7647040229885067,0.1352959770114932
2.9,2.8155150586763606,0.08448494132363926
4.0,4.184521738606221,-0.1845217386062208
1.9,2.1431042739990627,-0.24310427399906276
6.6,5.583683908045979,1.016316091954021
3.7,2.449795762010179,1.2502042379898213
8.3,6.9497795796157815,1.3502204203842192
3.7,3.573619430748849,0.12638056925115126
2.5,2.6001182481311775,-0.10011824813117753
2.4,2.153327848790614,0.24667215120938613
1.3,1.3682450436161773,-0.06824504361617723
2.6,2.6500459250160766,-0.05004592501607652
0.5,0.6301798256537977,-0.1301798256537977
1.0,1.17542844301248,-0.17542844301247995
1.0,0.8861673189823891,0.1138326810176109
3.4,3.9385423774954655,-0.5385423774954656
4.9,6.052000000000006,-1.1520000000000055
2.8,2.9509566965258562,-0.15095669652585642
4.9,4.840538896720337,0.059461103279663696
2.1,2.420270141337915,-0.320270141337915
1.1,1.162200034795986,-0.0622000347959859
1.6,2.3210193002463497,-0.7210193002463496
3.1,2.927149895727013,0.17285010427298708
2.6818181818181817,1.260021108141399,1.4217970736767827
0.8500000000000001,0.8625567010309273,-0.012556701030927209
5.699999999999999,3.956503215175624,1.7434967848243752
0.8034013605442176,0.9246416666666671,-0.12124030612244951
3.3,3.136528988043849,0.16347101195615066
3.392528735632184,3.3278800377783115,0.0646486978538725
3.8,3.1858758087539893,0.6141241912460105
0.5,0.4709807359307357,0.029019264069264306
1.6,1.6607274198559678,-0.060727419855967746
3.1,2.9121368018120943,0.18786319818790576
1.928125,1.7757887173136353,0.1523362826863648
6.5,6.511500000000004,-0.011500000000004285
0.4,0.4098159090909089,-0.009815909090908903
4.2027972027972025,6.10830673595698,-1.9055095331597771
0.5,0.49058939393939455,0.009410606060605453
4.8,4.869930654567108,-0.06993065456710834
1.6,1.5071858241194982,0.09281417588050189
0.978125,0.6874999999999999,0.29062500000000013
2.7,2.988659305648971,-0.288659305648971
0.7,0.9633433193996785,-0.2633433193996786
1.4,1.1538945739338633,0.2461054260661366
3.8,4.708999999999996,-0.9089999999999963
2.1,1.7782418159086482,0.32175818409135193
3.5,4.630533474786707,-1.1305334747867066
1.4,1.2087954745908036,0.1912045254091963
2.4,2.421283678964712,-0.02128367896471195
0.4,0.4477262987012991,-0.047726298701299075
0.6,0.7866426394278336,-0.18664263942783366
1.7,1.6756566393172554,0.024343360682744564
2.6,2.148595342323876,0.4514046576761239
1.0,1.2975336829371762,-0.2975336829371762
0.2799999999999999,0.5864003132361009,-0.30640031323610095
0.6,0.6926198689703155,-0.09261986897031549
2.1,2.0876689301877955,0.012331069812204554
0.6,0.5037159090909092,0.09628409090909074
2.1,2.500493921308576,-0.4004939213085761
1.2742268041237113,2.052232995164051,-0.77800619104034
3.4,3.2442499999999996,0.15575000000000028
3.9,3.3189338406754003,0.5810661593245996
1.5,1.742929019664345,-0.242929019664345
0.9,1.2792990985169452,-0.3792990985169452
1.3,1.2911318794966657,0.008868120503334298
4.221678321678322,5.274883305195419,-1.0532049835170971
1.4,1.6226842635933583,-0.22268426359335836
1.7,2.0099022420878083,-0.30990224208780837
1.4,1.4875585335408257,-0.08755853354082577
2.4921875,1.6662238356020305,0.8259636643979695
0.9,0.8603629492500627,0.039637050749937286
3.957342657342657,3.9415798533866733,0.015762803955983617
0.35,0.38154396645021615,-0.031543966450216177
0.8,0.8588147369743356,-0.05881473697433559
0.9,1.0323242404676056,-0.1323242404676056
0.9,0.8762711185633966,0.023728881436603455
1.4,1.7036389956568891,-0.30363899565688923
0.6,1.047197510879353,-0.447197510879353
1.3425531914893618,1.736588403386432,-0.39403521189707025
1.0,0.8541072047000628,0.14589279529993715
4.9,4.684803231251506,0.21519676874849392
1.0333333333333332,0.6804554221688686,0.35287791116446465
1.3,1.464025053551736,-0.16402505355173602
1.6,1.4712706537861098,0.12872934621389032
1.5638297872340423,1.7520730371653404,-0.18824324993129804
0.8,0.7415808796245769,0.058419120375423184
2.6,3.0368544429708235,-0.43685444297082343
1.3,1.6331134020618534,-0.33311340206185336
3.8,3.8895886182782733,-0.08958861827827347
0.9,0.9292525773195888,-0.029252577319588746
4.2,2.218776316843589,1.9812236831564114
1.6,1.5277882216259562,0.07221177837404391
0.3,0.5597636363636359,-0.2597636363636359
0.7,0.7333017654220778,-0.033301765422077856
2.4,2.3916560325963045,0.008343967403695363
2.8,3.078068454050483,-0.2780684540504832
2.9,2.8113081428880418,0.08869185711195815
0.5,0.5273509728323147,-0.02735097283231469
2.1,2.1094024474006248,-0.00940244740062468
3.1,2.490066091954023,0.6099339080459769
0.7,0.6175896658663453,0.08241033413365462
1.3,1.160728865979382,0.13927113402061808
1.7,1.6132271980892663,0.08677280191073367
0.7,0.6494181818181818,0.05058181818181817
1.4,1.477316588576177,-0.07731658857617707
0.7,0.7627209956709956,-0.06272099567099565
3.5,3.330356554383115,0.16964344561688494
0.9,0.9492870450413701,-0.04928704504137005
0.6,0.9648557672898402,-0.36485576728984026
1.0,1.0487521101661699,-0.04875211016616987
1.3,1.5817262019230782,-0.2817262019230782
0.6,0.5858261738261735,0.014173826173826454
1.6,1.4535032166664903,0.1464967833335098
3.7,3.7675862068965564,-0.06758620689655626
0.2,0.4581511029411766,-0.2581511029411766
1.2,1.194234468890994,0.005765531109005906
0.7,0.6207299628942483,0.07927003710575165
0.4,0.4387853673287494,-0.038785367328749376
3.4,3.3254999999999986,0.07450000000000134
2.9,2.5791153846153834,0.32088461538461654
2.0,1.9760158552449187,0.02398414475508126
2.5,2.3926120066660372,0.10738799333396276
0.6,0.5645326530612244,0.035467346938775623
1.6671232876712327,1.5234133248162272,0.1437099628550056
0.5,0.7478805658627086,-0.24788056586270857
3.8,3.8501443701618605,-0.050144370161860685
1.0,0.9442716664778525,0.055728333522147455
3.23986013986014,2.2439628790547927,0.9958972608053474
0.8,1.4145710137761427,-0.6145710137761426
5.0,4.704310111945309,0.29568988805469143
3.118181818181818,2.3761997159090926,0.7419821022727255
1.3,1.4753821703113081,-0.1753821703113081
1.8,1.9441499056759861,-0.14414990567598607
4.3,2.50350628036497,1.7964937196350297
2.5,2.6036235632183913,-0.10362356321839128
2.8,2.889890804597702,-0.08989080459770227
2.0,2.452183429788603,-0.45218342978860315
1.3,1.0939615384615382,0.20603846153846184
2.6,2.216059119402937,0.3839408805970632
0.3,0.30361969696969654,-0.003619696969696551
0.9,0.6800260255092525,0.21997397449074751
1.2,1.5670899355436325,-0.36708993554363256
1.7,1.2787485683283264,0.42125143167167356
1.9,2.134200549730227,-0.23420054973022708
1.7,1.8245053452167261,-0.12450534521672618
1.6,1.5138671328671327,0.08613286713286739
0.7,1.0742215176979883,-0.3742215176979884
1.5,1.5920670103092782,-0.09206701030927822
4.3,4.158776573426576,0.1412234265734238
1.0,1.0955785308441548,-0.0955785308441548
1.1,0.6135275466801232,0.4864724533198769
0.7,1.0487012382720002,-0.3487012382720003
3.0,3.0016607310215573,-0.0016607310215572824
0.6,0.6125681436210848,-0.012568143621084826
2.1,2.061629096243519,0.03837090375648122
0.2,0.40998636363636415,-0.20998636363636414
2.3,2.3730678461993993,-0.07306784619939943
0.3571428571428571,1.5452464116751385,-1.1881035545322813
1.8,1.681729490202005,0.11827050979799503
2.3,2.3891913288701403,-0.08919132887014047
1.4149999999999998,2.16464769685734,-0.74964769685734
3.0,3.3078850574712635,-0.3078850574712635
1.0,0.897842633438028,0.10215736656197205
2.6,2.5421933741781753,0.05780662582182483
0.5,0.48442245670995737,0.015577543290042628
2.9,2.456408417364185,0.4435915826358148
0.3,0.9851697065820789,-0.685169706582079
2.4,2.773279338743967,-0.37327933874396724
1.6,1.71107065003017,-0.11107065003016992
2.8,2.852250000000002,-0.05225000000000213
0.9,1.2387075625564596,-0.3387075625564596
1.2,1.2236766660556864,-0.023676666055686413
0.9,0.9853260753643798,-0.08532607536437975
1.3,1.0858679871948782,0.21413201280512184
1.7,1.6202688882219538,0.07973111177804615
0.8,0.47767897727272746,0.3223210227272726
0.8,1.6733760583231632,-0.8733760583231631
3.0,2.6966481452455606,0.3033518547544394
0.5,0.8368443223443219,-0.33684432234432193
0.1599999999999999,0.5389015151515149,-0.37890151515151493
2.0,1.696438555034546,0.303561444965454
1.7408163265306122,1.742094900077091,-0.0012785735464786452
0.7,0.6753714285714281,0.024628571428571888
7.5,7.30514918414919,0.19485081585080977
3.5,3.5769013110632137,-0.07690131106321374
2.0,2.275531486616833,-0.275531486616833
1.9,1.9383189372799752,-0.03831893727997526
3.6,3.5339529454023006,0.06604705459769944
1.7,1.5272463665950928,0.17275363340490713
1.4,1.3700046872014051,0.029995312798594798
0.55,0.5315646610368279,0.018435338963172176
1.6258503401360542,1.503681280956498,0.12216905917955634
1.4597938144329898,1.1519742268041229,0.30781958762886696
0.6,0.6422874884868516,-0.0422874884868516
2.2057471264367816,2.5136723934078176,-0.30792526697103595
3.1,3.35345114942529,-0.25345114942529
1.4,1.3493510586764763,0.0506489413235236
0.4,0.5987071428571431,-0.19870714285714308
0.6,0.5875227272727268,0.01247727272727317
1.9,2.0763636157185092,-0.17636361571850934
2.1,1.9507560182608465,0.14924398173915354
0.8,1.0287066467058852,-0.22870664670588514
1.5108843537414964,1.4536956929631137,0.057188660778382694
1.3666666666666667,2.2442686948854753,-0.8776020282188086
1.3,1.8775900063800166,-0.5775900063800166
3.1,3.274485632183911,-0.17448563218391078
4.033333333333333,4.8891669468206285,-0.8558336134872953
0.5,0.6475878218426218,-0.14758782184262176
6.8,6.4916040511212945,0.30839594887870536
0.4194805194805194,1.4524306221593546,-1.0329501026788352
0.7,0.8213168384879725,-0.12131683848797259
0.8,0.742988426759727,0.05701157324027306
2.0,2.04147148541114,-0.04147148541114021
2.5,2.297999999999998,0.20200000000000218
0.7,0.8385473289597009,-0.1385473289597009
1.7,1.547579270685546,0.15242072931445394
3.0,3.0919166666666684,-0.09191666666666842
0.3,0.6258384894383289,-0.3258384894383289
0.5,0.6870977118119971,-0.18709771181199708
1.4,1.4760660708776399,-0.07606607087763995
1.5,1.4977845463509547,0.002215453649045296
1.96,1.7250019082154946,0.23499809178450537
0.8,0.683775371057514,0.11622462894248609
1.9,1.960413698630138,-0.06041369863013801
0.5,0.5822512419213236,-0.0822512419213236
1.4,1.4495395675488054,-0.04953956754880551
1.8658823529411763,1.566334934633074,0.2995474183081024
3.3,4.046632638051606,-0.7466326380516062
1.6,1.3973596831919732,0.20264031680802685
2.1,2.3304528275078393,-0.23045282750783924
0.7,0.6685044063079773,0.031495593692022705
1.9,1.546022974114926,0.35397702588507385
1.42,1.3981333897086232,0.02186661029137671
3.2,3.2800421651419174,-0.0800421651419172
2.8,3.269765432843019,-0.46976543284301897
1.6,1.4399328288479651,0.16006717115203495
2.1,3.3316435776866804,-1.2316435776866803
1.7904109589041095,1.6036127284304127,0.1867982304736968
1.1,0.9494281498806427,0.15057185011935736
2.0,1.492884180910118,0.5071158190898819
2.2,1.9335622227745146,0.26643777722548556
0.8,0.9563953125000006,-0.1563953125000006
3.5,3.260417829180607,0.23958217081939281
1.8976470588235292,1.6604919534798173,0.23715510534371198
3.9,3.784500000000002,0.11549999999999772
0.9,0.8591891156462581,0.040810884353741916
2.9,2.7955,0.10449999999999982
1.8,1.694352118687606,0.105647881312394
1.5,1.6240866375892136,-0.12408663758921357
1.3,1.265013877874703,0.03498612212529695
5.0,5.011000000000005,-0.011000000000004562
0.9,1.0121912131159854,-0.11219121311598534
1.461494252873563,1.4886776870287763,-0.027183434155213293
0.7,0.6498466044372287,0.05015339556277121
1.0,0.9224431066176468,0.07755689338235316
2.2,2.2352819533461634,-0.03528195334616324
3.9,3.7535977350236,0.14640226497640008
3.4,3.6215869478940608,-0.22158694789406086
1.1,1.105139604892612,-0.005139604892612004
2.7,2.991145506792058,-0.29114550679205786
1.5,1.4277831230003555,0.07221687699964452
0.9,1.17456252286983,-0.27456252286982996
1.0,0.9137265624999996,0.08627343750000038
4.5,4.770635057471268,-0.27063505747126815
1.1,0.934457208337881,0.16554279166211905
0.6,0.7385836134453782,-0.13858361344537817
3.5,3.369583976368458,0.13041602363154192
4.0,4.049008971263176,-0.04900897126317627
6.2,5.05403396029258,1.14596603970742
1.3608247422680413,1.4221192267502607,-0.061294484482219413
1.1,1.0279440008773841,0.07205599912261595
3.0,3.1596579173699855,-0.15965791736998547
1.5,1.4895011251239283,0.010498874876071707
3.7,3.359608632752126,0.3403913672478742
1.7,1.3238388958556626,0.37616110414433734
1.3,1.5199372431692029,-0.21993724316920282
1.87,2.3267050443679604,-0.45670504436796033
1.8,2.1011411049193813,-0.3011411049193813
1.7,1.7206472812130458,-0.02064728121304582
0.6,0.9761910282125426,-0.3761910282125426
4.6,3.317839660108458,1.2821603398915418
1.4,1.780485447429285,-0.38048544742928514
1.7,1.7931193350384182,-0.0931193350384183
3.6,3.5084204545454556,0.0915795454545445
1.1,0.9282582125463829,0.17174178745361723
1.0,1.0430438133874247,-0.04304381338742469
1.224742268041237,1.0618404270986739,0.1629018409425631
0.7857142857142858,1.3522595590076802,-0.5665452732933944
0.4,0.5013632034632035,-0.10136320346320349
1.7,1.807018590998042,-0.10701859099804212
1.8,2.0826622887329087,-0.28266228873290866
5.6,5.888966711449464,-0.28896671144946406
1.6,1.7991080784580082,-0.19910807845800815
0.5,0.5266880208333333,-0.026688020833333326
0.7,0.910070997712532,-0.21007099771253201
1.5,1.3722011275773196,0.1277988724226804
2.4,2.4521034931886945,-0.05210349318869456
3.1,3.539000000000002,-0.43900000000000183
2.0,1.7307430283757341,0.2692569716242659
0.8,3.636655323372689,-2.836655323372689
1.3,1.247948453608249,0.052051546391751025
0.8,0.6501720779220773,0.14982792207792273
0.6,1.801558929225488,-1.201558929225488
0.8,1.8570787249580456,-1.0570787249580456
1.8235632183908048,2.461319449656096,-0.6377562312652911
2.3,2.320289718684468,-0.020289718684468383
2.427586206896552,2.47398888673177,-0.04640267983521795
3.7,3.5656627188600876,0.1343372811399126
1.7,2.0745636273117927,-0.3745636273117927
2.3,2.289971793041909,0.010028206958090813
0.7,0.9723293412788526,-0.27232934127885267
0.42,0.31453409090909085,0.10546590909090914
3.0,2.5768067629696696,0.4231932370303304
2.7,2.47960634566651,0.22039365433349012
1.3,1.4737371134020623,-0.17373711340206222
1.492727272727273,1.0632044332505737,0.4295228394766992
0.8,0.89012505525093,-0.09012505525092995
3.844055944055944,3.107048107890674,0.7370078361652701
2.9,2.52381837648702,0.3761816235129798
4.297202797202797,3.2351003255227715,1.0621024716800251
2.5,2.6331500757645245,-0.13315007576452453
2.3,2.7231141990193732,-0.4231141990193734
1.9,1.8648754139711463,0.0351245860288536
2.6,2.402049039689453,0.19795096031054715
1.7,1.6935216279691394,0.006478372030860546
0.8,1.3908548400408147,-0.5908548400408147
1.5,1.4472308702531742,0.052769129746825794
0.3,1.3942628205128207,-1.0942628205128206
0.8,1.4262268287210589,-0.6262268287210588
1.1493150684931508,0.9310574536663984,0.21825761482675243
2.826027397260274,2.759441748176637,0.06658564908363696
2.1,2.3328200268152286,-0.2328200268152285
1.9,1.7946838699575107,0.10531613004248919
5.8,5.106353448275867,0.6936465517241333
1.6,1.596619773700265,0.003380226299735112
2.1,2.3334454022988482,-0.23344540229884814
0.8,0.6785351267779838,0.12146487322201627
2.0,2.1787750582750562,-0.17877505827505624
3.6,3.9601689944961276,-0.3601689944961275
1.7529411764705882,1.5089025131596836,0.24403866331090462
1.3,1.721574748181319,-0.421574748181319
3.2,3.3000862068965553,-0.10008620689655512
5.0,4.463434392933345,0.5365656070666551
0.4584415584415584,1.157562433108828,-0.6991208746672695
1.3,1.6432485775748114,-0.3432485775748113
1.3278350515463917,1.063121993127148,0.26471305841924364
1.7705882352941176,1.4019946330711606,0.368593602222957
0.8,0.7838769386946044,0.016123061305395647
4.8,4.045033676849462,0.7549663231505379
1.1,0.9226036778931689,0.1773963221068312
0.6,0.7945686562296147,-0.19456865622961472
0.9,1.0258468017888975,-0.1258468017888975
3.9,4.0928114942528735,-0.19281149425287358
3.2,2.6543166633639,0.5456833366361002
4.3,3.537500000000002,0.762499999999998
3.6,3.0565882117882053,0.5434117882117948
3.3,3.5161487480909863,-0.2161487480909865
1.0,0.9570325180960738,0.042967481903926186
4.8,4.007588346876687,0.7924116531233132
0.8,2.1080245426454085,-1.3080245426454085
1.1,1.087284696403252,0.012715303596747995
0.3493506493506493,2.1885231386344715,-1.8391724892838222
0.7,0.8335857167867138,-0.13358571678671383
1.2,1.3126084258206807,-0.11260842582068076
2.0,2.210235235454198,-0.21023523545419787
3.2,3.0277159927302066,0.17228400726979354
0.3,0.3935500000000002,-0.09355000000000019
0.4,0.42019970891177777,-0.020199708911777747
0.8,1.143412705024117,-0.3434127050241169
2.6,2.737789037949848,-0.13778903794984787
0.8,0.944141894733526,-0.144141894733526
0.6,0.5005406926406923,0.09945930735930764
2.8,3.0068513486513435,-0.2068513486513437
1.0,1.1552641656662668,-0.15526416566626677
3.0,2.7896201083257703,0.21037989167422966
5.4,4.485902097902104,0.9140979020978968
2.8,2.888877020705904,-0.0888770207059042
2.0,2.313690027755749,-0.31369002775574906
0.9,1.1406858328998586,-0.24068583289985856
2.6,2.3282163692629227,0.27178363073707734
1.6,1.9146012185766832,-0.3146012185766831
2.768965517241379,2.631414785190354,0.1375507320510252
0.6,1.0158275073323046,-0.41582750733230467
4.3,3.6355444984331164,0.6644555015668834
1.7833333333333332,2.2204933464735355,-0.43716001314020225
5.2,4.7270072592637264,0.47299274073627373
2.5,2.4721621603268673,0.02783783967313269
1.6,1.6259679127180582,-0.025967912718058095
2.5,3.3815402298850596,-0.8815402298850596
4.356249999999999,3.148152717670359,1.20809728232964
1.3,1.437357982199442,-0.13735798219944195
0.8,0.5778703211966616,0.22212967880333845
3.1,2.677064958960017,0.42293504103998325
0.9,1.2955297082228112,-0.3955297082228112
1.5,1.6106453963739784,-0.11064539637397841
2.1,2.141397040499609,-0.041397040499608906
0.5,0.6852048105840283,-0.18520481058402827
2.3,2.142389046803718,0.15761095319628193
4.6,5.271500000000003,-0.6715000000000035
2.2,2.120228200391856,0.07977179960814418
5.025,4.112472539266042,0.9125274607339584
3.9,2.612338895628181,1.2876611043718191
1.2,1.2387780564693733,-0.03877805646937338
0.5441558441558442,1.2181623789855613,-0.6740065348297172
5.4,5.134025761594729,0.26597423840527146
1.8,1.7586621837419734,0.04133781625802668
1.1,1.2121177360158972,-0.11211773601589714
5.6,5.869999999999994,-0.26999999999999424
2.5,2.5137788009404365,-0.013778800940436486
2.5727272727272728,1.639876396972239,0.9328508757550338
1.4,1.0865973098330253,0.31340269016697464
4.0,3.5537236374234937,0.44627636257650627
3.3,3.435686883841736,-0.135686883841736
2.7,2.4646032805911826,0.23539671940881757
0.6,0.6562046781779084,-0.05620467817790842
0.8,0.6864999999999994,0.1135000000000006
1.2,1.041319749321741,0.15868025067825897
1.2,1.3373263375025632,-0.1373263375025633
2.608620689655172,2.5698061902815907,0.03881449937358106
1.0,1.348745265488156,-0.348745265488156
1.1,1.2008480535633337,-0.1008480535633336
3.1049999999999995,2.898520161792331,0.20647983820766846
3.2,3.04824384545053,0.15175615454947033
2.2,1.5740584904785933,0.6259415095214069
5.2,5.171680549810571,0.028319450189429496
2.8,2.7721870016758974,0.027812998324102445
1.2,1.9914802729494678,-0.7914802729494679
1.2,1.0616136948529402,0.13838630514705974
0.5,1.4240524187590078,-0.9240524187590078
1.6,1.7530619208810776,-0.1530619208810775
2.1,2.4461666809523686,-0.34616668095236847
1.5,1.72438005974593,-0.22438005974593
3.1,3.666027248613459,-0.5660272486134588
3.0,3.215757903608223,-0.2157579036082229
5.3,5.047619383490075,0.2523806165099245
1.0,0.9377588235294112,0.0622411764705888
0.6,0.6549366274350636,-0.05493662743506367
2.0,2.015827807250222,-0.015827807250222037
2.1,2.1628375656611154,-0.06283756566111531
1.2,1.0631705033610033,0.13682949663899668
8.1,6.3947639944620285,1.7052360055379712
1.0,1.3779959808654993,-0.37799598086549935
4.0,4.035181034482751,-0.03518103448275056
1.3,1.09622017817903,0.2037798218209701
0.4,0.4613999999999999,-0.0613999999999999
2.2,2.1906371027614764,0.009362897238523793
1.1,1.2565316017316022,-0.15653160173160208
3.4,2.9709252873563243,0.4290747126436756
2.7,2.209572130455752,0.4904278695442481
3.9,3.468935274442073,0.43106472555792674
0.8,0.8801484687200406,-0.08014846872004056
0.8,0.7231000000000004,0.07689999999999964
0.5,0.6544637749104344,-0.1544637749104344
3.8,3.7198242163105384,0.08017578368946143
0.7,0.9389111770276288,-0.23891117702762887
2.8,3.352941379310348,-0.5529413793103481
0.8,2.370125358851673,-1.570125358851673
2.7,2.824747154014876,-0.12474715401487568
2.2,2.003402065286283,0.19659793471371723
0.5,0.4804486742424243,0.019551325757575677
0.14,0.4475282773905015,-0.3075282773905015
2.3,2.027764153165896,0.27223584683410396
1.2,1.3112248691926955,-0.11122486919269559
0.2333333333333333,0.5473666666666659,-0.3140333333333326
1.0,0.9167053175837413,0.0832946824162587
4.275,3.2299097966235903,1.04509020337641
3.2,3.2437961884220385,-0.04379618842203836
1.9,2.125439700517804,-0.22543970051780393
0.9,0.8804880952380951,0.019511904761904897
3.4,3.474199134199132,-0.07419913419913193
1.9,2.0130648920045466,-0.11306489200454672
5.0,4.941262068965518,0.058737931034482216
10.2,7.728131701631705,2.4718682983682942
6.8,5.836929885057467,0.9630701149425329
2.2,2.522735706271453,-0.32273570627145265
0.5,1.1288635599694432,-0.6288635599694432
1.9,1.7042794825313627,0.19572051746863717
2.0,1.8434439662616393,0.1565560337383607
0.9254545454545456,1.2908858075398593,-0.3654312620853136
1.4,1.5975137438184008,-0.19751374381840092
2.5,2.694757598085248,-0.19475759808524806
1.1,1.323249598475154,-0.2232495984751539
1.2,1.1816388868047216,0.018361113195278334
2.62,2.866624061260721,-0.24662406126072067
1.2,1.365596913651825,-0.16559691365182494
0.3,0.4911352941176474,-0.1911352941176474
6.4,7.08,-0.6799999999999997
2.6,2.158883960433849,0.4411160395661513
2.5,2.3618917038386953,0.1381082961613047
1.1,0.8580210680293345,0.24197893197066556
4.9,4.927109677678638,-0.027109677678637922
3.7,2.1316499999999996,1.5683500000000006
2.2,2.025460133499415,0.17453986650058528
1.0,3.2380689655172428,-2.2380689655172428
2.5,2.356929996928655,0.1430700030713452
1.4,1.5661840855590576,-0.16618408555905773
1.8,1.8708727106027636,-0.07087271060276357
2.4,2.0638202616970664,0.33617973830293346
0.9,1.041383426118403,-0.14138342611840293
0.474025974025974,1.1285859663957434,-0.6545599923697694
2.1,4.059586206896554,-1.9595862068965535
1.3,1.2594499851353402,0.04055001486465981
2.0,1.8911538461538462,0.10884615384615381
1.1,1.0011666666666659,0.09883333333333422
3.1,2.980835784904754,0.1191642150952461
0.6,1.0592345081578114,-0.4592345081578114
0.5,0.5151922077922076,-0.015192207792207646
3.8,2.6356034482758592,1.1643965517241406
1.2,1.4263105471508275,-0.22631054715082755
0.8,0.9675410958904114,-0.16754109589041133
3.3,3.5630000000000024,-0.26300000000000257
2.2,2.1153525122689603,0.08464748773103992
1.4556701030927834,1.4145910949164584,0.04107900817632504
0.65,0.5622050749845393,0.08779492501546071
1.7,1.516068066972923,0.183931933027077
3.3,3.119291471415183,0.1807085285848169
1.8,1.8279770222426368,-0.027977022242636762
1.4,2.24609023580993,-0.84609023580993
5.3,4.906885057471265,0.3931149425287348
1.7,1.4791923076923081,0.22080769230769182
3.2,3.2108428571428647,-0.010842857142864482
2.2,2.3523405172413776,-0.15234051724137743
3.1,2.801001929105384,0.29899807089461605
1.7,1.4563330040359848,0.2436669959640152
2.6,2.7552437002652495,-0.15524370026524936
0.4272727272727272,1.1822312406469426,-0.7549585133742154
5.8,5.509499999999996,0.2905000000000042
1.6,1.5171531045059927,0.08284689549400737
1.1,1.1721080369079437,-0.07210803690794365
1.5,1.7964906677443286,-0.29649066774432864
2.1,2.4587806446427147,-0.35878064464271464
3.828125,3.289954318992294,0.5381706810077058
2.343636363636364,2.075544213410699,0.268092150225665
1.8,1.7717868976828106,0.02821310231718943
3.1,3.782250000000001,-0.6822500000000007
3.4,3.3823612578578315,0.01763874214216843
3.3,2.7796513142030386,0.5203486857969613
1.3,1.3244583663758924,-0.024458366375892382
5.475,3.764932744865041,1.7100672551349585
1.1,1.4776482973565968,-0.37764829735659666
1.3,1.5712037598395856,-0.27120375983958556
1.5,1.477923212570301,0.022076787429698985
0.5,0.5262773195876287,-0.02627731958762869
0.8,0.44023333333333375,0.3597666666666663
0.9,1.0085175076734003,-0.10851750767340029
3.0,2.68082112653786,0.3191788734621399
4.3,4.288212044851706,0.011787955148293783
1.2,1.2469806499323877,-0.04698064993238771
0.5,0.5297499999999995,-0.0297499999999995
1.5,1.638146380860629,-0.13814638086062891
2.0,2.063548561837797,-0.06354856183779711
1.46,1.4424263128414492,0.017573687158550788
0.6,0.5748844725958565,0.025115527404143467
1.0,1.2432125505227087,-0.24321255052270874
3.5,3.786373523028692,-0.2863735230286921
5.4,4.523414440157544,0.8765855598424563
0.7,0.5604513199598019,0.13954868004019805
0.7,0.6515562770562765,0.048443722943723455
0.9,0.8259923282599752,0.07400767174002487
0.5,1.1362749174441922,-0.6362749174441922
0.5051948051948052,1.3304309521101672,-0.825236146915362
6.0,5.545033584518926,0.4549664154810742
2.8,2.841500000000001,-0.04150000000000098
1.7,1.7054665231675545,-0.005466523167554582
4.0,4.4101269592476475,-0.4101269592476475
4.637062937062937,4.510787709417019,0.1262752276459178
3.8,3.498192528735629,0.3018074712643708
1.0,2.113777093596058,-1.1137770935960578
1.61,2.257322436002282,-0.647322436002282
1.3484536082474228,1.2784858483268784,0.06996775992054438
5.6,5.41404907796378,0.18595092203621988
5.7,5.485905594405589,0.21409440559441162
2.0913793103448275,2.6040236393455687,-0.5126443290007412
1.2,1.5474240636146137,-0.34742406361461375
2.9,2.8065795665299795,0.09342043347002038
1.9788235294117649,1.838115913116128,0.14070761629563688
1.3712328767123287,1.2939864348229964,0.07724644188933238
2.9,2.6327094699174522,0.26729053008254766
3.9,3.908641045735874,-0.008641045735874098
2.2,2.6337382333184065,-0.43373823331840633
1.0,1.1742686704063063,-0.17426867040630634
1.2,1.2431069497512794,-0.04310694975127949
3.1,3.283319289916751,-0.18331928991675106
1.9294117647058824,1.5773656957826254,0.35204606892325696
0.4,0.8105618556701036,-0.4105618556701036
0.4662337662337662,1.2135297177885016,-0.7472959515547354
1.5,1.4625342650479818,0.037465734952018215
0.8,1.3254556962862025,-0.5254556962862025
2.81551724137931,2.877886014416618,-0.0623687730373077
0.9,0.9564105079803372,-0.0564105079803372
0.4,1.5856168877099917,-1.1856168877099917
1.0,0.9659674438607964,0.03403255613920364
1.4,1.5790930592396109,-0.17909305923961094
1.5,1.6004382952048692,-0.10043829520486924
0.6,0.7639982893157254,-0.16399828931572547
4.0,3.9941978739651143,0.005802126034885724
1.5,1.416555609601863,0.083444390398137
0.8,0.9635216450216458,-0.1635216450216458
2.7,2.692259390881664,0.007740609118336295
1.2,1.175545118906411,0.024454881093588954
2.5,2.355244755244755,0.14475524475524493
0.4,0.44717343749999977,-0.04717343749999975
1.6,1.9210134000714194,-0.3210134000714193
1.5298969072164947,1.2597793535084825,0.27011755370801227
2.7,2.6389706469132443,0.06102935308675583
6.6,6.383499999999987,0.21650000000001235
0.8,0.691603184910327,0.10839681508967303
1.2,1.0037374697501313,0.19626253024986862
4.4,4.233818105163133,0.16618189483686763
2.1,2.023995528031375,0.07600447196862525
4.5,3.9453916191793708,0.5546083808206292
6.9,5.302298850574707,1.5977011494252933
1.6,1.3986302964912611,0.20136970350873895
0.8,0.7362751504010693,0.06372484959893077
2.8,2.7094947443181816,0.09050525568181822
1.2164948453608246,1.0505445609669384,0.16595028439388626
2.0,1.884796960771189,0.11520303922881103
1.8447058823529408,1.7691089998639524,0.07559688248898833
0.4,0.3941990259740258,0.005800974025974237
1.5,1.6039701978907441,-0.10397019789074413
0.8,1.3352870279091391,-0.5352870279091391
0.5831168831168831,1.0875129106187928,-0.5043960275019097
2.1,2.281790175406787,-0.18179017540678677
3.4,3.2962224361845056,0.1037775638154943
2.2,1.5563269230769223,0.6436730769230778
4.9,4.2235307155374855,0.6764692844625149
1.1,1.458606264869151,-0.3586062648691508
1.7410958904109588,1.563201240496197,0.17789464991476178
1.7,1.9203196057903125,-0.2203196057903125
1.8,2.0606119512909,-0.2606119512909
4.599425287356322,4.760446246282452,-0.16102095892613022
0.8,0.8468333333333335,-0.046833333333333504
1.6,1.4806095413336584,0.11939045866634168
2.2,2.147760348643505,0.05223965135649511
3.1,2.957583109419319,0.14241689058068108
3.1,2.933592017784469,0.1664079822155311
3.7,3.26244311135248,0.4375568886475203
6.4,6.253811610802987,0.1461883891970137
2.627272727272728,1.378016926851627,1.249255800421101
5.8,5.021499999999993,0.7785000000000064
2.0,2.1869738264608944,-0.18697382646089444
0.4,0.797169755206408,-0.39716975520640796
3.6942528735632183,3.706733763363072,-0.012480889799853845
0.5,0.6230117647058812,-0.12301176470588115
0.1666666666666666,0.7758500490918006,-0.6091833824251339
4.599300699300699,4.234120721322503,0.3651799779781957
1.7054545454545456,1.9141537157073794,-0.2086991702528338
2.1,1.9364036227154573,0.1635963772845428
3.1,2.7937945100876203,0.30620548991237984
3.8,3.741500000000004,0.058499999999996
1.7,1.5869832245157627,0.11301677548423728
4.806993006993007,4.5301887107145635,0.27680429627844383
1.6015625,0.4913377530694879,1.1102247469305122
2.3,2.155195570427804,0.14480442957219575
1.6,1.9282080655746667,-0.32820806557466664
2.1,1.8661912453412197,0.23380875465878037
3.642857142857143,2.268309422269029,1.3745477205881138
3.4,3.1641783216783224,0.23582167832167755
1.1,1.3300769511803232,-0.23007695118032312
1.6,1.6230551860354094,-0.023055186035409347
2.0,2.32502231431584,-0.32502231431584017
0.7,0.7836451274828115,-0.0836451274828115
2.2,2.153660394872576,0.0463396051274243
4.0,3.609807360043789,0.390192639956211
2.427011494252873,2.534925413200305,-0.10791391894743185
5.2,5.315499999999993,-0.11549999999999283
1.9,1.7752409861150769,0.12475901388492305
1.3,1.5153762886597946,-0.21537628865979452
4.4,4.394613223044348,0.005386776955652373
0.4,0.4343196809405579,-0.03431968094055787
2.9448275862068964,3.3097573367470936,-0.36492975054019716
6.1,3.675499999999997,2.4245000000000028
1.2,1.1839158610821352,0.016084138917864754
1.5,1.5350407128651893,-0.03504071286518928
4.016091954022988,3.3175346234225525,0.6985573306004356
0.2,0.6447028447742733,-0.4447028447742733
1.2,1.44241586440768,-0.24241586440768015
3.8062937062937054,3.6625793881047106,0.14371431818899483
2.7,2.5985896502586803,0.1014103497413199
3.1,2.855394831972151,0.24460516802784893
2.8,2.756362531513988,0.04363746848601169
1.4489795918367347,1.3707210092343878,0.07825858260234697
0.5,0.9449680754119835,-0.44496807541198347
3.909375,3.2822848257837647,0.6270901742162351
0.6,0.6962014274385404,-0.09620142743854043
1.5,1.5025466001095327,-0.0025466001095326707
1.422680412371134,1.391531719499575,0.03114869287155897
3.2349999999999994,3.02148885794901,0.21351114205098964
3.2,3.0939942528735616,0.10600574712643862
0.7,0.6202544409199043,0.07974555908009562
1.9,1.8299083365987456,0.07009166340125428
3.3,2.8202387891336866,0.4797612108663132
3.7,3.110572863917692,0.5894271360823082
2.1,2.0630653085835844,0.0369346914164157
3.2,2.3964141225488493,0.8035858774511508
4.5,4.464569017189708,0.03543098281029167
0.9360544217687076,1.2186000492810747,-0.2825456275123671
3.340625,3.067758440241562,0.2728665597584383
1.9,1.9051675529152103,-0.005167552915210427
0.5,0.9310878932064511,-0.43108789320645113
0.45,0.899402273549931,-0.44940227354993095
1.3,1.1944155087796733,0.10558449122032676
1.6,4.968216783216782,-3.368216783216782
2.4,2.2815186710331954,0.11848132896680452
2.68,3.0092959642660064,-0.32929596426600627
0.8,1.3242797166874243,-0.5242797166874242
1.2,1.1100045983734397,0.08999540162656028
2.4,2.3124558287073764,0.08754417129262348
9.3,7.108500000000007,2.1914999999999933
3.7,3.526615856844308,0.17338414315569217
3.1945454545454552,2.4391015972937833,0.755443857251672
5.8,4.9393990829822005,0.8606009170177993
1.1,1.4159748447225378,-0.3159748447225377
3.1,3.0568949943734443,0.04310500562655584
3.674125874125874,2.5325612974750182,1.1415645766508558
0.9,0.7853750000000005,0.11462499999999953
1.5,1.339925654242665,0.16007434575733503
1.1549999999999998,2.17336168995479,-1.0183616899547903
0.4,0.4684896103896108,-0.06848961038961077
2.6,2.455824742268043,0.14417525773195727
3.4,3.22109526925853,0.17890473074146973
3.3,3.3855089910089915,-0.08550899100899167
1.4,1.4936176425115506,-0.09361764251155069
2.1,2.0365384615384596,0.06346153846154046
1.9,1.9074436123445369,-0.007443612344536943
3.0,3.100750000000001,-0.100750000000001
2.0,1.6483755740430106,0.3516244259569894
0.1,1.0468804395924018,-0.9468804395924019
3.5,3.1044519331243454,0.3955480668756546
1.83972602739726,2.0434886334866222,-0.20376260608936225
3.5,3.5126379310344844,-0.012637931034484406
2.1,2.183822283784618,-0.08382228378461809
2.6,2.2996237033239493,0.3003762966760508
3.0,1.8402064090548649,1.1597935909451351
1.0,0.7209912012759276,0.27900879872407236
1.7,1.6751844698799496,0.024815530120050333
4.5,4.35090809190809,0.14909190809191042
1.3,1.4361425173524465,-0.13614251735244642
2.7,2.483612068965518,0.21638793103448206
4.0,3.810949027303614,0.18905097269638604
0.3,1.348404765255295,-1.048404765255295
0.6,0.6109889092959638,-0.010988909295963856
0.5,0.5329858379715516,-0.032985837971551635
0.9,1.2177875099127662,-0.31778750991276616
1.4,1.1489871134020615,0.2510128865979384
1.1,1.1691814520531023,-0.06918145205310222
0.8,0.6604768094448503,0.13952319055514972
4.4,4.169471384936899,0.2305286150631014
1.1,1.1616866150437455,-0.061686615043745396
2.5,2.694600000000002,-0.1946000000000021
1.5381443298969073,1.4725712529132473,0.06557307698366
2.3,2.1746940237922985,0.12530597620770134
0.9,0.8226723716759429,0.07732762832405715
0.8,1.0326715018650683,-0.23267150186506824
0.7,0.6081949280033445,0.09180507199665544
0.5,0.6076817872603575,-0.10768178726035749
1.3,1.3255400272392186,-0.025540027239218555
1.3,3.6003362068965568,-2.3003362068965565
3.3,3.5615000000000037,-0.26150000000000384
1.2,1.215526076409946,-0.015526076409946077
0.8299319727891157,0.665895052566482,0.16403692022263372
2.4,2.322991378724369,0.07700862127563113
0.4,0.40105271519069946,-0.001052715190699438
1.2,1.4693399601290924,-0.26933996012909245
3.3,3.026114409028472,0.27388559097152765
2.7,2.646143121907852,0.05385687809214801
5.071328671328671,4.735617450796334,0.33571122053233715
5.4,4.15795104895105,1.2420489510489503
0.5,0.5255075757575759,-0.025507575757575895
1.9,2.0449414352794166,-0.14494143527941672
0.4,0.38768398268398235,0.012316017316017669
1.4205479452054794,1.2903749886995592,0.1301729565059202
3.2,3.2986259178321644,-0.09862591783216423
0.6,0.6081422077922075,-0.008142207792207534
0.9,0.9077062702922079,-0.0077062702922078286
0.9,1.0238481836484596,-0.12384818364845962
3.7,3.299511452140137,0.400488547859863
1.2,1.8191941162057583,-0.6191941162057584
4.1125,3.477441374144852,0.6350586258551476
2.5,2.7768626217698955,-0.2768626217698955
0.7461538461538462,1.703910190325139,-0.9577563441712929
3.2,3.038713479931693,0.16128652006830713
1.0,1.1650443298969075,-0.16504432989690754
0.9,0.8375108022186154,0.06248919778138462
1.7,1.8834972437529618,-0.18349724375296184
1.6,1.5248762886597933,0.07512371134020679
1.5,1.3881831740356005,0.11181682596439946
0.7,0.8661252227624568,-0.1661252227624569
0.4,0.5170272727272724,-0.11702727272727242
2.7,2.845384615384615,-0.14538461538461478
3.1,3.356189936463038,-0.2561899364630378
0.435064935064935,1.0216186672899954,-0.5865537322250605
1.1,1.1924092764378476,-0.09240927643784747
0.9,0.9697220556972788,-0.06972205569727874
0.7,0.8117788352272729,-0.11177883522727294
4.1,4.193616168314444,-0.09361616831444408
0.7,1.3295280074795217,-0.6295280074795218
4.9,4.799473215003387,0.10052678499661294
1.7988235294117647,1.2301531987639405,0.5686703306478242
1.0,0.9365255319148951,0.06347446808510493
2.4,2.0092214294599398,0.39077857054006016
3.0,2.497334079713392,0.5026659202866082
0.5,0.6379872159090905,-0.13798721590909047
2.8,2.568876436781612,0.23112356321838767
1.4,1.205089998466831,0.19491000153316884
3.2,3.2441294062567163,-0.04412940625671613
4.3,3.537400699844622,0.7625993001553777
1.5125000000000002,1.2031788005200534,0.30932119947994674
4.1,3.786956650581978,0.3130433494180216
4.3982758620689655,4.114010571325227,0.28426529074373885
1.0,0.7721688757977412,0.22783112420225882
0.45,0.4783887445887446,-0.028388744588744574
0.8,0.7580953578336559,0.04190464216634415
0.7,0.7465595089841663,-0.04655950898416639
1.5,1.585016423379268,-0.08501642337926807
1.6,2.3303076923076906,-0.7303076923076905
1.8,2.3050441114479163,-0.5050441114479163
1.2,1.6878958911631816,-0.48789589116318166
1.7203125,2.6585011482191505,-0.9381886482191506
1.4,1.9100366329073228,-0.5100366329073229
1.9,2.051243205884276,-0.1512432058842763
0.8,1.6087586493274926,-0.8087586493274925
4.0,3.3575664335664364,0.6424335664335636
4.1,3.34511359680359,0.7548864031964095
1.6,1.4966720367150188,0.10332796328498128
1.8,1.8606134071982,-0.06061340719819985
1.8,1.8850595126522944,-0.08505951265229439
0.1,1.8490693770029003,-1.7490693770029002
2.9,2.5346453157627415,0.36535468423725836
3.8,2.3456923076923086,1.4543076923076912
1.5,1.419920896114195,0.08007910388580508
1.3,1.2075180717479617,0.09248192825203838
1.7,1.9145576001005968,-0.21455760010059688
2.9,2.3261751348815425,0.5738248651184574
0.1,0.640484924879042,-0.540484924879042
1.1,1.3609587168576962,-0.2609587168576961
3.2,3.3226206896551713,-0.12262068965517114
0.8,0.9412721485959925,-0.14127214859599246
0.7,0.7660004406246667,-0.0660004406246667
1.0,1.1120859328443882,-0.11208593284438817
0.7,0.7683601374570439,-0.06836013745704395
1.4,1.640743720118111,-0.24074372011811107
2.2,2.3943787532265137,-0.19437875322651355
0.3,0.4103104728604722,-0.11031047286047219
2.6,2.395382373320268,0.20461762667973193
1.3,1.3627074243211459,-0.06270742432114584
4.8,4.2964482758620735,0.5035517241379264
3.0,2.8688466235632175,0.1311533764367825
0.7,0.4999814685314687,0.20001853146853127
0.7,0.8446505704409425,-0.14465057044094254
1.9,2.213551886866872,-0.3135518868668723
3.0,3.3821337513061684,-0.38213375130616845
2.390909090909091,3.449960214211074,-1.059051123301983
2.7,3.002464006604323,-0.30246400660432293
3.3,2.7536865821250656,0.5463134178749343
5.1,4.683999999999996,0.4160000000000039
3.6,3.752605787829191,-0.1526057878291911
0.8,0.8240494434137291,-0.024049443413729055
2.8,3.0980136666116733,-0.2980136666116735
4.7,4.650770114942529,0.04922988505747128
0.9,0.9508910945382758,-0.05089109453827578
3.75,4.218907998193108,-0.46890799819310836
4.358045977011495,4.038999329204983,0.3190466478065126
3.0,3.019910590119602,-0.019910590119601945
3.2,3.746499999999998,-0.5464999999999978
0.2,1.3431881443298967,-1.1431881443298968
2.5,2.2964110056610054,0.20358899433899458
1.8,1.9813244909711607,-0.18132449097116066
1.2,0.9752248608534327,0.22477513914656722
2.3,2.375307692307693,-0.07530769230769296
2.5,2.500481224493268,-0.00048122449326815087
5.6,5.263993916075874,0.3360060839241257
4.3,4.172466464211074,0.1275335357889258
1.4816091954022987,1.5720041669528877,-0.09039497155058895
1.4,1.4407778098061,-0.04077780980610002
0.551948051948052,1.6474727709468857,-1.0955247189988337
1.1,1.0245711510468032,0.0754288489531969
0.7,0.577813368983957,0.12218663101604299
4.03125,3.447903511016365,0.5833464889836351
3.34,3.551048840633044,-0.21104884063304397
1.9117647058823528,1.7020212202050828,0.20974348567726997
2.0,2.573303964713449,-0.5733039647134488
2.8,3.3475574712643685,-0.5475574712643687
1.3,1.4010961538461544,-0.10109615384615434
2.0,2.1842851712275806,-0.1842851712275806
3.9,3.523931821141052,0.3760681788589477
3.0,3.129458644803472,-0.12945864480347202
2.0,2.056686643342066,-0.05668664334206586
1.4,1.470052005880079,-0.0700520058800791
4.1,3.6533815789473687,0.44661842105263094
0.9,0.9952381756727391,-0.09523817567273907
1.35,1.6286149573409168,-0.2786149573409167
2.5,1.8713461538461558,0.6286538461538442
1.3,1.5977986876514811,-0.2977986876514811
2.2,2.2104756748470846,-0.010475674847084449
1.6,1.668241118462615,-0.06824111846261482
1.9,1.6690990757604423,0.23090092423955766
0.3,0.3958499999999998,-0.09584999999999982
2.5,2.531894059548699,-0.03189405954869917
4.0,3.824499999999998,0.1755000000000022
2.0,1.5476128545464873,0.45238714545351266
0.7,0.7904000000000009,-0.09040000000000092
0.5,0.5253988655821922,-0.025398865582192176
0.6,0.6926590909090906,-0.09265909090909064
4.7,4.21086961659031,0.48913038340969006
3.975862068965517,3.7926540169600558,0.1832080520054613
1.5,1.4274340061647326,0.0725659938352674
1.1,1.17113051589039,-0.07113051589038988
3.9,3.1651013240977632,0.7348986759022367
1.4,1.2251972362587134,0.17480276374128656
0.3,0.8545192307692311,-0.554519230769231
1.7,1.5430457017209593,0.15695429827904062
2.5,2.2047224682440034,0.2952775317559966
1.3,1.1103042859983356,0.1896957140016644
0.6,0.5673999999999997,0.032600000000000295
0.8,0.6135910105519481,0.18640898944805195
2.3,2.4052391088735594,-0.10523910887355958
4.165034965034965,3.2285617206966863,0.9364732443382788
1.1,1.0205591076203218,0.07944089237967833
0.8,1.184138094271801,-0.3841380942718009
1.2,1.1833685903907014,0.016631409609298542
1.1,1.2776348068840047,-0.17763480688400457
0.5,0.5621475108225109,-0.06214751082251091
2.3,1.851884926839957,0.44811507316004273
6.0,5.5253333333333385,0.47466666666666146
0.75,0.8381272694621561,-0.0881272694621561
2.1,2.1796346814329204,-0.0796346814329203
4.6,4.640674690841524,-0.04067469084152453
1.9,1.5445885537607118,0.3554114462392881
0.6,0.9370035141184136,-0.33700351411841367
3.7,3.4128036821296495,0.2871963178703507
2.3,1.820933052374555,0.4790669476254448
2.386781609195402,2.6599356716537,-0.273154062458298
2.8,3.0570228643995576,-0.2570228643995578
3.5,5.2354999999999965,-1.7354999999999965
1.0,2.142115384615385,-1.1421153846153849
2.2,2.06467637956729,0.13532362043271018
0.5846153846153846,0.8278424436388349,-0.2432270590234502
2.6885057471264364,2.6478760893609596,0.04062965776547678
4.1,3.800784228928968,0.2992157710710317
0.9,0.9706464845644337,-0.07064648456443368
2.6,2.568534892201396,0.03146510779860412
11.5,9.875666666666692,1.6243333333333076
0.4,0.45716186497326233,-0.05716186497326231
4.2,4.387150349650354,-0.18715034965035393
2.8,1.5538842800962411,1.2461157199037587
2.6,2.313625331564988,0.28637466843501214
1.9,1.759400889330037,0.1405991106699629
0.8,3.489469946191741,-2.689469946191741
5.6,5.431580459770112,0.1684195402298876
2.1,1.9179956222838903,0.18200437771610978
2.7,2.9881810539561173,-0.28818105395611715
5.0,4.503126436781606,0.4968735632183936
2.1,2.280724536244923,-0.1807245362449228
4.3,3.738347701149426,0.5616522988505737
2.6,2.327747641631659,0.27225235836834116
1.1,1.065062566844919,0.03493743315508113
2.5,2.6531237187706007,-0.15312371877060071
1.7,1.5630259086075242,0.13697409139247574
0.5207792207792208,1.3293877987096254,-0.8086085779304046
1.6,1.5898896907216495,0.010110309278350549
2.3,2.387016630144112,-0.0870166301441122
0.7,0.8223371540396975,-0.12233715403969758
2.3,2.2738730487902914,0.026126951209708427
2.4017241379310343,2.6959085575344206,-0.29418441960338626
2.4,2.3543755907811303,0.045624409218869566
1.4,1.3829046391752582,0.017095360824741723
2.1,2.957995928783859,-0.857995928783859
3.4,3.28156338678931,0.11843661321068977
1.3,1.1418471128808008,0.15815288711919928
4.0,2.9265080948572124,1.0734919051427876
1.5,1.5802401723189274,-0.08024017231892744
3.0,3.0616363535717386,-0.06163635357173858
1.3,1.2196915589648056,0.08030844103519441
2.1,2.793929392446634,-0.6939293924466341
1.5,1.4574957567624949,0.042504243237505124
0.9,0.778166666666667,0.12183333333333302
1.6,2.4252884615384627,-0.8252884615384626
2.3,2.168307906859697,0.13169209314030272
0.2,0.8714679623460241,-0.671467962346024
1.0,1.0261264426879686,-0.0261264426879686
0.7,1.0628012125147035,-0.36280121251470354
3.6741379310344815,3.8277678040350422,-0.15362987300056075
0.9,1.0066618143761004,-0.10666181437610034
1.0,1.0377077922077913,-0.0377077922077913
3.6930069930069926,2.748258694358802,0.9447482986481908
2.3,1.9620023997592546,0.3379976002407452
2.8,2.9513182287003144,-0.15131822870031453
3.6,2.8876560661321444,0.7123439338678557
2.6,2.695648089931041,-0.09564808993104101
2.2,2.444885836633255,-0.2448858366332547
1.6,1.634077222726615,-0.03407722272661484
9.9,8.998000000000006,0.9019999999999939
1.4,1.6251355618607082,-0.22513556186070827
1.6,1.3159848432421806,0.2840151567578195
1.4945205479452055,1.3170143670006673,0.17750618094453818
1.9,1.783136966126658,0.11686303387334185
1.3,1.7135961538461542,-0.4135961538461541
1.0,1.1183151897676833,-0.1183151897676833
2.7,2.865407887191164,-0.16540788719116373
2.2,2.1607736956868027,0.03922630431319751
1.2,1.1415240549828174,0.05847594501718256
1.8,1.8461653952472288,-0.046165395247228735
1.2,1.4951012105300288,-0.2951012105300288
5.5,5.3292873563218395,0.17071264367816052
3.5,3.5028411483253588,-0.0028411483253587555
3.4,3.1375242696399397,0.2624757303600602
2.7,2.6931920828717573,0.006807917128242913
3.1,3.1457683832042984,-0.045768383204298324
2.9,2.645529979855434,0.254470020144566
2.4,2.0684413069443726,0.33155869305562735
0.7414965986394557,1.2489024781157785,-0.5074058794763228
1.6,1.7367906573789471,-0.13679065737894702
0.7,1.405164676702608,-0.7051646767026081
1.9890909090909088,1.3344638833835922,0.6546270257073166
1.2,1.2896105248706171,-0.08961052487061716
1.52183908045977,1.5809521276428133,-0.05911304718304344
1.3,1.3893222068072923,-0.0893222068072923
1.1,1.025134020618556,0.07486597938144413
1.6,1.5470073640887605,0.052992635911239594
2.9,2.8679156374875134,0.032084362512486475
2.4,2.472993302673193,-0.07299330267319304
2.4,2.4063412556574884,-0.006341255657488443
4.4,5.0383725002009445,-0.6383725002009442
1.6,1.707581066403834,-0.10758106640383391
2.0,2.2210009289858754,-0.22100092898587542
0.8,0.7986327426975949,0.001367257302405167
2.6862068965517243,2.695746157920175,-0.009539261368450624
3.584375,3.429747325711997,0.15462767428800328
4.3,4.849826018808776,-0.5498260188087762
1.3,1.3058299022551119,-0.0058299022551118185
5.9,5.022742959667597,0.8772570403324034
2.6,3.414706434370225,-0.8147064343702248
1.0,0.9287499999999995,0.07125000000000048
1.4,1.4587411779008876,-0.05874117790088773
1.3,1.0821857652656603,0.2178142347343397
1.0,0.9352202455079174,0.06477975449208262
1.4,1.4654828708877847,-0.06548287088778482
2.2,1.7011985647585561,0.49880143524144405
0.9,0.7953374136908756,0.1046625863091244
3.4,3.3751190234232102,0.02488097657678967
1.7,1.841245782313226,-0.14124578231322604
2.3,2.063002444009956,0.2369975559900439
1.3,1.3154712507495978,-0.015471250749597765
0.9,1.060866320756575,-0.16086632075657492
1.3605442176870748,1.4735207324072213,-0.11297651472014647
1.0,1.1329389385642192,-0.13293893856421923
3.9,3.8557998653645207,0.04420013463547923
0.6,0.7279721259154125,-0.12797212591541252
1.8,1.9901051396812646,-0.19010513968126452
1.3,1.2557663687641938,0.04423363123580626
1.1,1.0424931271477658,0.057506872852234325
2.8,2.61710086009993,0.18289913990006967
1.1,1.0981489386191476,0.0018510613808524479
2.4,2.329526175738846,0.07047382426115378
3.0,3.3764357567719627,-0.3764357567719627
1.0,1.0032529495320859,-0.0032529495320858803
2.4,2.3868247126436755,0.01317528735632445
4.418390804597701,4.211129618739225,0.20726118585847608
